"Figure 7: Scotland's population by 6-fold Urban Rural Classification, mid-2020",,,,,,,
,,,,,,,
,Total population,Percentage of total population,,,,,
Scotland,"5,466,000",100%,,,,,
,,,,,,,
Urban Rural Classification,,,,,,,
Remote small towns,"189,997",3.5%,,,,,
Remote rural,"315,090",5.8%,,,,,
Accessible small towns,"468,634",8.6%,,,,,
Accessible rural,"623,257",11.4%,,,,,
Large urban area,"1,914,450",35.0%,,,,,
Other urban area,"1,954,572",35.8%,,,,,
,,,,,,,
� Crown Copyright 2021,,,,,,,
,,,,,,,
,,,,,,,
,,,,,,,
,,,,,,,
,,,,,,,
,,,,,,,
