DataZone2011Code,DataZone2011Name,CouncilArea2019Name,All ages,AGE0,AGE1,AGE2,AGE3,AGE4,AGE5,AGE6,AGE7,AGE8,AGE9,AGE10,AGE11,AGE12,AGE13,AGE14,AGE15,AGE16,AGE17,AGE18,AGE19,AGE20,AGE21,AGE22,AGE23,AGE24,AGE25,AGE26,AGE27,AGE28,AGE29,AGE30,AGE31,AGE32,AGE33,AGE34,AGE35,AGE36,AGE37,AGE38,AGE39,AGE40,AGE41,AGE42,AGE43,AGE44,AGE45,AGE46,AGE47,AGE48,AGE49,AGE50,AGE51,AGE52,AGE53,AGE54,AGE55,AGE56,AGE57,AGE58,AGE59,AGE60,AGE61,AGE62,AGE63,AGE64,AGE65,AGE66,AGE67,AGE68,AGE69,AGE70,AGE71,AGE72,AGE73,AGE74,AGE75,AGE76,AGE77,AGE78,AGE79,AGE80,AGE81,AGE82,AGE83,AGE84,AGE85,AGE86,AGE87,AGE88,AGE89,AGE90+
S01010504,Lochaber West - 01,Highland,580,5,9,3,6,6,5,5,3,3,6,10,4,4,9,5,7,8,5,5,8,1,6,1,3,2,3,2,6,7,8,8,8,2,1,2,0,3,7,11,8,5,1,6,0,3,8,6,4,2,8,10,11,15,11,14,14,14,4,17,13,11,15,8,18,9,9,4,9,4,9,13,16,14,13,2,12,0,5,5,2,8,8,4,2,1,1,1,1,1,0,4
S01010505,Lochaber West - 02,Highland,513,4,4,10,1,4,9,4,1,6,3,8,5,7,4,9,6,8,0,4,1,2,4,6,4,5,3,4,2,6,6,4,1,7,10,3,1,1,3,2,9,5,2,0,5,4,7,6,6,7,9,7,5,6,10,15,10,15,18,8,9,7,11,6,11,3,7,15,7,8,9,8,5,7,3,6,4,5,5,5,4,8,3,8,5,6,4,0,4,0,2,2
S01010506,Lochaber West - 03,Highland,875,5,11,6,8,7,7,11,10,7,15,6,6,6,12,10,14,7,15,6,7,6,2,2,11,3,10,8,3,6,2,9,5,10,10,6,3,12,6,14,7,14,17,4,13,9,13,13,11,13,17,13,19,8,16,16,18,22,17,9,19,19,15,11,15,16,11,13,15,13,6,10,17,9,15,13,6,3,8,9,9,10,10,5,7,4,2,2,2,1,3,4
S01010507,Lochaber West - 04,Highland,662,4,6,8,6,6,7,4,6,2,5,8,10,4,2,9,11,8,10,7,9,4,5,4,9,7,6,12,7,6,8,9,8,5,3,5,9,7,3,1,13,7,10,4,12,12,3,16,5,5,9,15,10,8,8,20,18,9,12,18,9,8,9,8,9,13,10,3,4,16,11,7,12,8,2,6,6,4,4,10,5,2,3,3,2,4,4,4,2,2,1,7
S01010508,Lochaber West - 05,Highland,1091,8,6,7,5,5,7,8,15,3,14,10,11,16,11,22,14,15,17,9,5,8,8,8,9,7,12,9,15,10,7,4,9,9,7,14,3,8,2,15,10,6,12,14,13,19,15,16,8,14,17,24,22,28,16,22,21,21,24,19,13,20,16,13,12,24,19,20,19,12,15,21,6,14,22,12,11,16,13,10,9,5,10,3,9,8,5,6,4,3,5,3
S01010509,Lochaber West - 06,Highland,1032,2,6,9,4,6,11,8,14,7,8,7,15,8,14,14,14,17,13,15,4,19,7,6,19,6,15,8,9,3,8,7,10,10,14,11,12,17,11,16,13,14,6,15,11,9,11,12,17,18,19,20,21,33,27,21,22,11,21,17,16,15,24,18,14,12,18,6,8,7,9,18,18,14,12,17,10,10,3,3,2,6,2,1,1,7,6,0,4,5,1,3
S01010510,Fort William North - 01,Highland,1007,9,5,7,10,12,15,11,16,8,9,12,11,10,17,12,7,11,7,10,3,11,18,12,6,6,13,10,15,7,7,8,8,5,9,8,14,16,11,9,17,17,18,16,14,8,6,7,12,14,12,10,13,10,12,13,11,13,9,12,10,15,10,30,10,11,24,5,13,18,13,7,14,15,13,8,13,15,13,13,5,9,12,9,6,6,6,8,6,7,6,18
S01010511,Fort William North - 02,Highland,874,11,9,8,7,14,14,9,14,20,9,14,19,18,18,15,9,12,19,13,3,18,8,13,17,15,14,10,10,7,11,6,9,7,7,10,10,8,8,17,15,2,8,7,4,13,12,10,12,7,14,11,12,11,11,5,13,12,13,4,10,12,14,13,11,12,11,10,14,8,7,10,2,12,5,6,4,6,3,7,4,1,8,3,6,1,6,2,1,3,1,5
S01010512,Fort William North - 03,Highland,572,7,4,8,9,6,8,8,6,5,8,6,6,3,3,9,12,5,5,4,5,5,9,4,14,7,3,10,6,13,7,8,6,10,11,9,7,4,6,6,1,7,8,1,6,5,8,7,3,7,8,5,8,7,4,10,10,13,7,6,10,8,8,4,10,7,7,6,7,5,2,6,6,7,9,2,4,6,3,7,4,4,3,5,3,2,6,4,0,3,0,11
S01010513,Fort William North - 04,Highland,779,3,4,2,10,4,9,4,15,6,9,7,9,8,9,14,5,10,1,11,9,5,10,11,10,12,8,2,8,4,8,7,12,6,14,7,2,15,6,2,12,10,9,9,7,9,8,15,12,11,9,18,11,9,25,8,22,14,12,9,6,11,10,10,10,8,7,7,9,11,11,9,9,15,5,14,7,15,3,13,7,6,6,3,8,8,2,3,0,0,3,6
S01010514,Fort William North - 05,Highland,680,10,0,7,10,3,21,8,9,9,4,12,1,11,13,12,12,9,13,9,8,5,4,3,6,7,9,7,10,3,8,13,1,18,17,9,4,10,4,12,5,5,5,1,2,10,3,6,10,6,14,15,11,6,15,14,7,14,7,13,11,7,6,13,5,6,9,7,9,8,7,6,6,8,5,4,10,9,6,8,3,6,0,1,3,0,1,2,2,2,1,9
S01010515,Fort William North - 06,Highland,744,9,7,9,5,7,7,14,2,8,4,8,11,11,9,11,12,8,5,7,7,7,2,12,5,3,9,6,12,10,10,15,15,7,4,9,16,7,17,10,6,3,6,8,4,12,3,7,16,5,7,4,17,9,15,13,5,14,18,14,13,3,14,17,10,11,10,11,5,8,12,7,9,8,7,5,4,5,7,9,3,6,7,5,2,5,4,5,3,2,3,1
S01010516,Fort William South - 01,Highland,588,2,2,7,6,3,4,6,1,2,6,3,6,6,1,7,6,5,6,1,4,4,11,7,10,9,4,10,13,15,10,11,4,8,14,3,9,8,6,7,5,1,7,7,7,3,11,1,11,11,10,6,6,4,11,4,11,15,11,5,5,16,7,3,12,12,13,2,6,6,9,10,7,14,7,2,14,6,7,5,2,5,6,0,1,1,3,1,2,3,0,7
S01010517,Fort William South - 02,Highland,780,6,5,10,3,2,4,8,4,14,18,5,6,13,15,5,9,5,6,6,9,8,4,8,22,12,11,15,19,9,19,6,8,9,7,6,13,11,7,15,7,12,7,8,14,10,10,6,7,14,11,16,12,13,20,17,6,11,13,9,16,5,11,14,2,6,17,7,4,10,7,6,8,8,15,4,8,6,3,5,4,5,3,2,3,3,1,3,2,5,2,0
S01010518,Fort William South - 03,Highland,646,2,5,6,9,6,7,4,2,7,8,12,9,11,4,6,5,11,6,8,4,7,20,5,1,14,9,6,11,9,21,12,22,9,9,5,10,11,13,11,10,16,9,12,10,9,12,5,2,5,6,9,8,4,1,7,4,6,10,4,9,12,3,3,5,5,4,11,11,8,2,0,6,19,11,10,3,1,7,4,4,1,2,4,2,4,1,0,1,2,0,5
S01010519,Fort William South - 04,Highland,773,7,6,9,10,10,7,13,13,14,13,15,18,11,13,18,7,19,7,7,18,10,15,19,2,12,10,12,6,11,5,2,6,17,17,8,12,9,9,4,6,12,17,10,7,8,6,10,8,9,11,8,8,12,9,12,16,14,9,4,11,7,7,6,8,9,9,4,9,5,9,5,4,4,5,5,8,5,5,2,4,3,7,5,1,1,1,1,2,0,1,3
S01010520,Fort William South - 05,Highland,842,8,8,7,7,5,9,3,5,5,5,11,6,7,8,13,11,10,9,5,8,14,12,12,14,12,10,11,8,10,12,8,6,9,11,10,12,7,8,11,13,13,7,9,7,17,14,6,19,17,16,21,9,18,10,19,11,13,9,14,12,15,5,6,11,11,13,12,10,5,4,5,7,15,14,6,8,5,6,6,10,6,6,5,4,3,6,1,9,0,4,3
S01010521,Fort William South - 06,Highland,795,10,4,11,6,5,5,5,8,8,10,5,11,11,5,13,7,14,11,10,9,7,7,6,13,9,8,13,12,10,12,15,14,21,12,12,12,4,9,8,13,2,7,13,15,3,5,11,13,16,22,17,15,13,9,12,18,15,12,7,13,5,13,9,9,8,4,1,9,13,6,6,6,8,5,13,5,7,3,2,5,5,8,2,1,6,2,1,1,1,6,2
S01010522,Fort William South - 07,Highland,593,3,9,6,6,10,6,8,5,4,2,4,6,7,6,7,0,6,4,4,11,10,10,10,12,10,8,16,7,14,12,11,5,10,7,7,6,1,7,4,3,2,9,4,5,16,11,11,10,12,6,0,8,12,9,10,8,8,7,8,8,7,18,3,2,0,3,4,6,8,3,4,2,4,8,2,2,3,1,9,2,5,1,8,5,4,12,4,6,2,5,2
S01010523,Fort William South - 08,Highland,548,5,2,14,12,11,5,9,8,4,10,13,13,8,8,4,8,7,10,10,5,6,6,5,17,7,13,2,8,6,10,6,7,8,3,10,8,5,9,6,5,13,13,6,7,6,9,2,8,8,4,5,8,5,6,4,4,2,9,8,3,6,6,8,11,6,4,7,0,1,5,3,4,3,6,4,2,8,2,4,2,2,1,3,0,2,2,0,0,1,1,1
S01010524,Lochaber East and North - 01,Highland,518,2,6,3,7,3,6,5,4,3,5,3,3,8,6,4,2,4,5,3,2,2,1,3,6,6,3,2,5,7,4,8,2,7,4,5,8,8,1,2,4,4,4,6,5,7,2,7,9,9,5,5,8,7,10,10,11,6,8,13,7,26,11,8,7,11,5,10,10,6,9,7,10,11,13,6,11,9,4,2,2,3,3,4,2,5,3,1,2,0,1,1
S01010525,Lochaber East and North - 02,Highland,644,7,4,2,5,2,6,4,1,1,7,1,10,5,6,10,6,15,11,6,7,5,2,7,2,5,6,8,6,8,5,12,1,2,5,5,12,6,2,7,6,6,3,1,3,7,3,9,11,17,9,6,8,12,14,13,15,12,14,11,21,11,8,12,13,19,5,13,10,4,8,6,7,8,16,6,4,8,10,4,6,4,7,7,3,5,7,1,2,1,3,3
S01010526,Lochaber East and North - 03,Highland,770,9,10,5,8,7,8,11,7,10,8,8,8,6,9,7,8,6,4,11,7,7,5,7,1,6,6,0,4,10,6,4,7,9,5,2,11,4,12,13,11,9,14,5,8,14,8,11,12,9,9,19,8,12,14,13,9,12,7,14,9,11,16,11,11,4,8,12,12,16,10,7,13,10,16,4,12,5,1,8,2,8,6,5,7,4,7,3,6,2,8,22
S01010527,Lochaber East and North - 04,Highland,761,4,10,5,8,9,5,2,6,6,5,13,14,11,10,1,5,7,10,1,6,1,6,3,2,12,3,9,0,8,6,6,6,8,5,9,4,15,10,16,10,6,15,11,8,6,5,1,5,11,20,11,14,11,12,15,13,14,16,13,23,14,4,14,11,10,12,12,15,13,9,16,11,8,10,14,12,5,4,7,5,8,7,2,7,3,4,2,6,4,2,3
S01010528,Lochaber East and North - 05,Highland,636,9,3,5,7,9,6,11,7,6,2,14,6,7,10,5,5,15,13,3,3,5,5,3,12,3,4,5,5,9,10,4,4,7,6,8,5,12,12,9,6,8,9,7,10,1,8,11,9,10,11,9,7,10,7,6,12,21,18,10,18,8,14,5,7,5,2,11,10,7,12,8,4,6,6,11,1,4,1,1,3,9,1,0,1,2,1,2,3,5,2,2
S01010529,Lochaber East and North - 06,Highland,706,6,6,6,7,8,7,5,7,10,6,15,2,6,8,13,7,6,10,5,4,4,7,6,3,5,7,2,6,4,0,4,7,6,4,10,8,2,12,9,16,5,10,11,13,9,10,8,11,8,10,11,11,11,7,5,9,16,18,13,17,21,11,7,9,7,5,7,9,6,12,14,11,12,12,6,7,8,3,6,3,10,5,6,5,4,8,2,3,3,1,4
S01010530,Lochaber East and North - 07,Highland,674,3,1,3,7,2,3,5,7,10,5,8,8,8,8,3,10,7,5,2,5,6,5,6,7,1,6,7,4,1,2,6,5,6,8,10,5,4,11,5,7,9,4,10,6,16,12,10,6,5,14,15,11,8,11,6,19,13,11,9,10,12,12,8,9,16,15,5,12,10,15,11,9,18,13,7,4,13,6,4,5,8,4,3,1,3,9,3,2,1,4,5
S01010531,Badenoch and Strathspey South - 01,Highland,1111,6,9,6,16,5,19,8,9,10,7,10,17,11,15,15,10,9,14,8,9,9,11,8,14,6,6,9,11,7,14,4,9,13,3,11,19,13,12,9,6,15,8,8,15,12,10,15,19,12,21,13,16,18,14,18,24,7,21,17,16,12,20,24,17,13,14,22,18,22,21,19,21,23,16,17,10,17,11,16,7,12,4,7,6,4,4,3,5,6,4,10
S01010532,Badenoch and Strathspey South - 02,Highland,548,1,2,2,3,0,1,4,4,5,8,9,3,6,6,5,6,9,5,3,3,8,1,5,9,3,9,4,8,3,2,10,6,3,3,8,2,2,7,8,4,5,1,8,5,2,4,7,5,7,5,13,14,12,8,7,5,11,8,4,13,14,12,13,14,10,8,11,10,8,6,10,11,8,8,4,6,9,3,3,4,4,6,2,13,5,0,6,3,1,0,2
S01010533,Badenoch and Strathspey South - 03,Highland,572,4,1,3,1,5,1,4,1,4,2,1,1,5,2,6,4,5,6,6,0,12,0,9,2,4,5,10,3,8,9,8,7,4,5,4,9,13,10,10,3,10,2,3,6,6,2,9,11,5,6,5,8,9,5,6,10,13,10,18,7,8,18,7,8,10,6,10,3,1,14,6,5,12,16,2,8,10,12,2,6,9,3,7,4,3,4,6,6,2,5,11
S01010534,Badenoch and Strathspey South - 04,Highland,892,4,10,4,13,8,6,5,10,9,15,6,17,8,12,7,17,15,8,12,9,9,4,9,15,2,6,7,12,7,9,7,8,3,8,15,12,7,6,13,7,12,13,10,6,7,13,9,15,19,17,17,23,16,13,13,15,14,7,21,21,16,11,10,14,12,9,16,13,13,13,13,9,9,15,6,10,9,8,7,4,4,6,0,9,0,1,5,3,0,0,5
S01010535,Badenoch and Strathspey South - 05,Highland,704,4,3,2,7,3,6,7,6,10,10,10,6,5,11,9,6,8,11,9,2,11,1,3,12,16,4,2,1,2,10,7,9,6,7,2,5,8,6,4,5,5,5,8,8,7,7,10,15,8,8,13,19,15,13,8,14,11,12,15,10,20,8,12,10,13,10,9,13,8,4,10,13,12,8,9,5,6,8,7,8,6,7,3,3,8,2,0,5,2,1,7
S01010536,Badenoch and Strathspey Central - 01,Highland,828,7,7,8,4,4,6,14,9,13,11,5,8,14,13,6,7,7,4,0,7,9,12,9,4,8,6,7,9,5,10,16,15,10,9,8,9,10,15,14,14,14,9,8,8,8,12,10,18,12,15,7,7,13,5,9,12,10,19,14,14,14,7,9,5,11,11,9,9,15,8,9,12,12,15,8,9,6,9,13,7,10,5,8,5,5,4,4,2,0,3,7
S01010537,Badenoch and Strathspey Central - 02,Highland,718,4,4,7,3,4,4,8,8,3,4,4,2,4,2,2,7,1,5,1,6,6,3,8,11,13,9,12,21,20,8,15,13,12,23,13,13,15,5,8,7,5,4,4,12,8,4,10,3,16,15,16,8,10,9,10,19,13,3,15,17,6,9,9,13,13,9,9,10,11,2,8,7,8,5,7,5,10,7,6,2,8,10,7,2,1,1,3,4,1,3,3
S01010538,Badenoch and Strathspey Central - 03,Highland,1121,12,13,12,19,12,18,18,11,13,16,20,14,17,20,20,17,23,21,9,10,13,16,12,11,2,14,11,17,6,9,7,15,18,20,9,26,7,17,25,25,23,15,29,22,21,29,11,8,22,21,13,13,23,10,15,11,16,11,13,11,12,6,14,10,13,16,20,9,10,9,7,5,10,8,5,7,4,5,0,3,4,1,2,0,2,0,0,2,1,0,4
S01010539,Badenoch and Strathspey Central - 04,Highland,1086,2,12,7,3,9,6,14,6,8,11,11,4,10,2,14,11,10,5,12,7,4,4,6,15,12,15,6,11,19,13,21,17,25,8,23,20,23,10,20,21,15,17,6,15,17,8,23,16,18,17,17,24,14,20,13,11,23,8,18,23,17,7,16,17,10,11,17,18,18,7,18,21,12,18,8,13,13,11,7,4,5,8,6,3,4,3,2,1,0,1,10
S01010540,Badenoch and Strathspey Central - 05,Highland,633,4,4,6,8,4,4,1,3,5,3,6,5,3,3,5,4,5,3,6,7,4,6,5,6,4,8,6,11,6,2,1,7,12,2,10,13,10,6,2,2,11,4,10,3,11,11,0,6,9,9,5,17,8,7,11,17,11,13,8,8,11,18,6,13,10,13,7,13,3,15,6,10,17,14,10,8,7,7,4,11,4,4,0,2,3,2,3,3,8,4,6
S01010541,Badenoch and Strathspey Central - 06,Highland,875,5,8,6,11,11,8,6,8,5,9,6,13,13,5,6,6,10,6,8,7,11,5,5,8,16,4,7,6,0,2,4,8,6,14,8,14,10,5,11,13,11,11,11,10,9,24,13,12,13,19,12,11,10,19,13,7,10,21,12,19,11,16,10,12,13,5,19,12,15,23,15,14,23,11,10,7,15,14,3,8,3,4,5,4,4,2,4,6,1,2,3
S01010542,Badenoch and Strathspey North - 01,Highland,951,6,6,11,6,9,5,6,6,7,3,9,8,13,8,12,13,12,7,5,11,13,9,11,10,2,4,11,11,5,14,9,11,5,16,9,9,14,18,4,12,8,13,8,6,6,14,14,6,19,14,12,10,8,11,17,19,15,15,14,11,14,15,15,17,15,19,17,15,14,29,16,16,22,19,16,21,18,11,3,5,6,6,5,2,3,3,3,0,2,2,2
S01010543,Badenoch and Strathspey North - 02,Highland,674,3,3,6,4,6,10,2,8,3,6,4,5,8,12,3,6,4,4,8,4,4,3,3,3,7,7,0,7,3,6,5,5,6,3,6,10,4,8,6,7,5,4,3,4,7,7,8,4,6,15,9,14,10,16,9,3,14,10,19,13,22,11,18,8,6,7,14,11,10,8,12,9,13,9,9,8,5,11,8,8,4,7,9,3,5,7,8,3,3,3,23
S01010544,Badenoch and Strathspey North - 03,Highland,852,8,3,9,12,14,2,17,10,8,12,15,14,17,9,8,12,13,10,11,6,8,14,6,9,8,4,7,13,5,17,3,14,8,1,0,3,12,3,6,11,12,10,10,9,11,14,18,11,8,18,10,14,13,14,8,20,13,16,13,18,5,9,13,7,9,15,14,8,17,6,7,16,12,19,5,9,14,5,4,8,1,1,3,4,3,2,3,4,1,3,3
S01010545,Badenoch and Strathspey North - 04,Highland,757,4,9,5,6,6,9,3,13,2,5,3,8,12,14,12,11,10,12,7,12,3,6,21,10,9,9,6,9,5,5,3,10,9,2,10,5,5,8,8,10,10,7,14,9,1,6,17,13,14,16,10,13,12,13,14,13,6,10,6,6,10,3,12,17,14,9,10,5,7,11,10,8,11,14,3,9,11,13,8,4,4,10,2,5,7,3,1,2,4,1,3
S01010546,Badenoch and Strathspey North - 05,Highland,828,4,7,5,4,7,10,6,6,4,7,6,9,11,7,12,9,5,2,2,10,5,4,4,5,10,6,7,1,6,11,9,13,13,10,9,14,8,9,12,10,5,13,12,7,9,11,3,11,8,7,14,13,12,10,10,15,16,10,14,6,10,12,9,13,7,13,7,0,11,3,9,14,23,13,10,11,10,11,10,10,5,8,9,5,9,8,13,7,9,5,39
S01010547,Badenoch and Strathspey North - 06,Highland,798,7,4,5,7,5,7,8,4,7,6,12,6,3,5,13,14,12,14,14,3,5,8,2,6,6,4,10,1,6,7,7,2,5,8,6,10,3,9,11,10,12,7,10,3,15,11,13,11,11,14,15,16,15,10,13,15,19,13,12,13,11,15,14,18,15,16,15,13,11,15,17,10,11,12,12,7,6,9,6,2,1,1,4,2,4,3,4,5,2,4,3
S01010548,Nairn Rural - 01,Highland,693,4,3,4,0,6,7,5,1,3,10,5,8,11,6,8,6,4,10,2,4,1,4,3,7,9,6,3,0,5,4,1,4,9,4,5,2,6,8,10,1,4,5,4,7,4,9,9,7,10,8,11,11,10,17,7,6,5,13,12,12,17,17,16,15,13,10,17,8,15,16,9,25,14,16,11,10,16,10,6,11,7,6,8,2,0,7,8,2,5,3,3
S01010549,Nairn Rural - 02,Highland,1686,13,19,21,31,18,33,18,22,29,36,21,26,31,13,19,32,20,20,19,13,11,10,11,11,13,16,19,22,10,19,27,12,20,17,22,19,22,22,33,34,31,21,18,30,24,14,17,23,34,35,24,21,25,28,30,23,15,18,17,18,23,15,14,30,22,23,24,18,17,14,19,19,19,21,14,11,12,17,5,11,2,7,9,4,7,4,5,4,0,3,3
S01010550,Nairn Rural - 03,Highland,522,11,3,2,6,7,4,7,4,6,1,4,4,6,9,7,7,6,5,6,4,6,0,11,2,8,7,6,12,3,6,6,11,8,7,2,4,0,6,7,14,7,9,3,4,5,5,3,6,6,17,8,2,5,10,13,9,5,20,8,8,5,17,6,5,0,8,6,8,6,6,6,8,4,7,4,7,5,4,2,2,2,2,5,1,2,0,1,2,1,2,0
S01010551,Nairn Rural - 04,Highland,816,3,6,6,6,7,6,12,10,16,12,7,14,6,5,10,9,15,1,15,9,10,6,6,8,13,6,0,1,1,3,7,5,10,10,7,7,9,8,9,13,10,6,12,8,16,12,23,13,13,17,17,9,15,23,8,14,16,8,15,18,13,9,17,7,8,10,18,13,18,8,12,12,21,18,1,5,0,7,5,4,4,1,1,6,1,0,0,2,1,2,5
S01010552,Nairn Rural - 05,Highland,743,9,3,7,5,10,5,5,11,7,6,5,9,10,8,6,5,9,13,8,13,3,13,7,4,3,8,5,3,4,6,2,4,6,5,2,6,4,2,12,6,5,9,8,6,2,5,7,15,17,15,16,7,20,15,25,15,17,20,15,16,16,7,18,13,21,9,12,13,9,11,5,9,10,10,6,11,7,7,5,2,2,5,5,6,4,3,1,0,1,1,0
S01010553,Nairn Rural - 06,Highland,591,1,6,2,2,1,5,4,8,1,2,1,8,5,2,5,1,6,9,5,4,7,6,4,3,7,3,6,3,6,6,11,5,11,6,5,3,3,2,4,5,9,5,5,8,4,5,5,3,11,7,5,6,12,10,18,21,14,10,12,17,8,15,17,6,12,5,13,10,13,14,8,10,11,18,4,8,2,6,7,3,1,5,4,5,3,2,2,0,1,0,7
S01010554,Nairn East - 01,Highland,715,2,2,4,2,4,5,5,8,3,3,7,19,6,11,8,7,13,6,13,5,7,1,6,6,5,4,10,10,8,6,8,2,8,12,7,5,6,9,7,1,9,9,6,12,13,8,4,18,9,10,16,11,14,14,17,10,12,17,12,12,6,4,12,13,12,5,8,11,7,13,11,18,3,6,8,9,6,8,6,6,6,5,7,8,6,5,4,3,1,0,4
S01010555,Nairn East - 02,Highland,875,12,6,9,5,7,11,10,7,5,7,6,10,4,6,4,9,2,12,15,12,10,7,9,9,6,7,17,23,11,12,9,11,21,8,11,11,28,12,8,11,10,17,4,12,17,14,9,4,19,20,9,16,8,13,12,20,13,8,12,19,11,12,17,10,10,17,17,5,6,6,6,9,16,5,7,6,6,6,2,7,10,2,6,5,1,0,1,5,1,1,6
S01010556,Nairn East - 03,Highland,1001,8,8,10,10,13,12,7,11,15,23,6,14,22,5,16,16,18,10,12,12,13,5,1,20,6,14,17,6,8,7,7,7,2,18,13,8,2,12,8,11,6,6,15,9,15,10,11,5,13,14,21,13,15,15,9,16,19,14,13,12,12,9,11,13,18,11,5,8,6,8,10,12,12,12,8,9,10,7,10,10,9,8,13,12,15,4,6,7,6,5,31
S01010557,Nairn East - 04,Highland,588,6,4,5,9,3,8,4,6,9,7,6,6,4,1,8,3,2,5,2,7,4,10,5,8,12,8,4,5,3,10,10,4,7,8,5,4,10,6,3,6,4,2,2,8,3,11,4,7,7,8,18,10,9,16,7,10,12,12,13,4,3,11,12,4,6,8,4,8,6,8,8,12,9,7,9,1,4,10,7,5,7,6,5,1,2,7,5,0,4,1,4
S01010558,Nairn East - 05,Highland,795,8,4,3,11,8,7,5,3,9,6,4,9,8,7,7,3,9,11,7,16,3,11,10,21,9,4,11,4,6,3,9,4,6,9,3,9,14,4,5,9,9,8,11,4,3,11,7,5,8,17,14,24,16,6,12,13,13,9,15,12,13,13,9,7,14,7,8,14,18,6,5,10,5,10,15,10,20,18,12,12,9,5,7,8,5,1,0,2,4,3,9
S01010559,Nairn West - 01,Highland,865,3,4,1,0,7,3,7,6,7,5,8,5,6,16,9,9,2,6,3,8,1,12,7,1,6,7,2,7,7,4,6,7,5,1,4,8,8,5,3,5,7,10,7,2,5,7,7,16,18,18,8,8,13,12,15,24,5,18,19,23,13,14,13,14,19,15,13,9,11,15,15,16,18,8,11,16,13,11,12,7,7,7,11,7,7,9,10,9,11,10,51
S01010560,Nairn West - 02,Highland,645,4,3,3,4,3,5,11,5,3,2,8,5,2,7,2,8,4,8,6,8,5,5,6,5,16,3,9,3,6,8,0,3,8,6,5,6,9,3,3,7,4,4,4,9,3,4,4,13,17,7,14,14,8,6,6,10,11,16,7,10,9,13,12,13,13,12,9,12,7,15,9,8,10,8,7,5,18,6,11,5,11,11,2,4,4,8,2,4,1,0,8
S01010561,Nairn West - 03,Highland,688,3,5,5,6,6,7,2,5,5,8,4,3,5,8,7,6,6,4,3,6,7,4,6,7,5,5,3,2,5,6,3,4,3,6,6,4,13,9,1,9,4,4,10,6,11,3,6,10,6,5,5,11,14,14,11,9,9,10,9,8,5,7,13,12,15,10,17,12,17,20,12,13,15,15,6,11,9,12,4,3,8,7,3,6,8,6,4,5,5,9,22
S01010562,Nairn West - 04,Highland,712,4,8,8,1,1,11,1,3,3,6,9,7,6,3,8,9,6,11,2,5,4,9,13,5,11,4,10,2,7,5,11,4,9,2,10,4,13,3,6,11,7,10,9,2,13,10,8,12,8,6,6,7,11,9,13,8,8,16,14,16,14,14,18,12,16,12,11,17,12,10,5,10,12,16,9,4,11,8,5,5,11,7,4,1,1,7,4,3,3,1,1
S01010563,Nairn West - 05,Highland,493,5,1,9,4,6,8,8,6,5,10,6,11,6,5,4,5,5,11,5,7,6,8,3,4,3,7,5,4,10,5,9,9,4,8,9,5,0,3,3,5,8,6,6,2,7,7,5,3,5,11,6,5,4,10,0,8,12,6,12,7,2,11,8,3,10,4,6,9,4,7,11,5,3,3,2,3,7,1,2,2,1,3,3,4,3,0,3,1,1,1,3
S01010564,Nairn West - 06,Highland,470,3,1,2,3,1,1,3,5,9,4,8,8,1,4,2,6,4,1,0,3,5,3,1,7,2,5,2,8,0,2,8,5,8,4,5,4,11,9,3,4,6,4,8,3,3,10,4,3,11,7,3,8,5,9,6,13,10,9,6,5,11,6,11,8,10,11,10,4,2,4,10,11,8,5,7,4,5,4,6,3,5,2,2,3,4,1,3,1,4,3,4
S01010565,Nairn West - 07,Highland,558,6,5,7,10,4,5,2,3,5,5,6,3,5,10,4,7,7,6,2,6,1,9,4,5,1,10,12,4,2,8,4,2,5,9,3,7,4,2,7,6,6,8,4,6,6,5,5,7,9,5,12,9,7,6,6,13,9,9,8,6,12,13,4,5,16,7,16,10,5,7,9,4,16,9,5,10,6,3,7,3,2,5,6,1,2,3,3,2,3,0,5
S01010566,Inverness East Rural - 01,Highland,1178,14,10,12,20,15,8,11,19,11,22,17,14,20,15,9,13,13,11,8,10,8,12,13,13,8,9,13,19,6,11,14,13,9,13,17,17,17,18,13,23,18,15,10,9,21,24,12,18,12,28,16,17,23,13,10,28,19,32,20,16,15,18,7,9,10,12,9,14,24,7,12,9,12,6,13,12,7,7,12,7,9,9,5,2,10,2,2,2,2,3,11
S01010567,Inverness East Rural - 02,Highland,1127,8,10,6,12,5,10,11,8,9,13,6,13,12,19,14,13,10,13,16,13,14,13,6,12,5,3,10,10,9,15,15,5,2,5,6,13,12,9,7,11,9,9,7,8,7,15,19,26,16,13,19,22,23,24,16,21,32,27,20,17,18,22,17,13,8,17,23,19,16,14,17,21,17,22,9,14,8,8,6,5,8,5,6,13,4,6,2,8,5,5,18
S01010568,Inverness East Rural - 03,Highland,1361,20,19,19,14,22,20,15,9,14,11,18,12,25,25,23,17,16,12,18,10,9,13,12,9,11,17,16,12,21,22,19,20,20,17,21,19,19,11,20,26,22,9,13,15,20,14,12,16,24,27,28,33,18,21,34,24,24,18,18,15,13,8,14,13,12,15,19,16,7,11,12,11,13,11,17,16,6,7,16,7,2,7,6,4,5,2,3,4,1,1,4
S01010569,Inverness East Rural - 04,Highland,1034,7,11,9,6,12,9,7,8,13,11,9,10,9,6,7,8,7,11,28,16,18,31,27,10,15,22,19,20,27,29,13,23,9,13,16,0,12,10,13,10,17,20,10,2,10,7,12,9,10,7,11,11,19,11,23,17,19,22,18,12,19,19,11,14,16,9,12,10,5,5,15,13,9,7,4,5,6,2,7,8,2,6,2,4,2,0,1,1,3,3,6
S01010570,Inverness East Rural - 05,Highland,1030,6,6,11,13,9,14,10,20,13,13,14,7,11,14,11,11,13,12,22,7,8,16,9,14,11,8,9,9,16,9,9,20,10,8,13,7,10,8,8,7,11,11,14,12,0,16,15,15,15,15,17,17,28,10,13,31,12,12,20,12,17,17,21,14,14,8,16,17,10,11,16,12,10,7,10,10,4,8,7,5,5,7,7,6,5,6,5,3,4,1,5
S01010571,Inverness Culloden and Balloch - 01,Highland,693,7,3,7,3,1,3,11,8,15,4,4,7,6,7,6,2,8,4,7,5,10,3,6,5,12,4,7,9,3,12,8,4,8,13,13,11,3,14,10,8,13,11,6,4,5,9,14,13,15,6,13,13,7,5,13,20,13,7,11,15,5,7,10,7,9,8,15,11,4,12,11,10,15,13,4,5,7,6,8,4,5,3,4,3,4,1,1,3,1,0,3
S01010572,Inverness Culloden and Balloch - 02,Highland,696,6,9,5,4,7,12,7,3,12,8,10,8,17,6,8,13,8,12,11,4,5,12,7,16,3,12,13,7,22,11,2,7,12,9,30,11,13,12,8,9,12,7,12,11,5,13,6,7,5,9,6,15,4,10,9,8,6,4,6,11,4,11,7,3,7,5,6,6,6,9,4,4,6,9,11,6,3,8,3,3,1,2,0,4,1,1,1,2,1,1,4
S01010573,Inverness Culloden and Balloch - 03,Highland,495,4,7,7,6,6,8,4,4,9,8,10,12,7,0,4,6,3,4,6,4,3,13,5,6,4,6,2,5,3,5,9,4,10,4,8,9,5,6,9,7,10,7,9,8,6,4,3,6,3,9,10,9,13,9,7,9,5,4,8,8,4,5,4,5,9,3,3,6,9,4,3,5,7,3,2,2,10,1,4,5,2,0,3,1,0,2,0,0,2,1,1
S01010574,Inverness Culloden and Balloch - 04,Highland,569,5,4,9,1,0,10,7,3,7,6,8,12,14,10,4,5,9,5,5,3,3,9,5,8,2,11,6,6,3,1,4,4,2,5,3,13,4,7,5,6,10,7,1,6,7,12,9,0,8,7,5,8,10,7,12,4,9,10,11,20,10,12,12,14,8,13,4,8,5,7,9,10,5,2,4,3,1,3,5,6,1,2,0,7,4,4,2,2,2,0,7
S01010575,Inverness Culloden and Balloch - 05,Highland,675,4,4,7,4,6,6,4,3,2,10,4,7,11,6,7,11,10,6,9,3,11,1,9,6,6,7,14,2,3,6,4,3,6,9,4,3,1,7,6,12,4,7,9,4,6,5,6,6,6,10,5,2,10,6,10,11,16,12,17,22,20,8,12,9,15,7,11,15,10,6,9,17,10,10,8,12,5,8,5,11,7,4,5,2,5,7,4,5,2,1,7
S01010576,Inverness Culloden and Balloch - 06,Highland,803,4,6,8,8,3,11,9,6,5,13,14,17,5,11,4,10,5,5,4,15,7,4,6,6,7,5,5,0,7,5,10,6,5,2,7,6,4,9,8,8,16,4,13,5,9,7,8,0,11,15,16,9,9,18,14,18,16,10,14,5,18,11,14,17,13,16,16,11,11,10,12,16,13,27,8,6,13,5,6,10,6,7,10,6,5,1,5,1,1,2,9
S01010577,Inverness Smithton - 01,Highland,835,10,8,9,11,16,8,14,10,10,20,7,13,25,15,10,13,19,9,16,10,5,9,15,11,8,16,11,10,10,6,11,11,10,8,24,8,13,9,8,9,17,5,11,11,7,15,8,5,7,6,13,6,11,8,9,1,21,11,10,10,12,9,7,12,15,13,10,11,3,6,6,12,7,9,6,6,4,1,5,0,5,3,3,3,1,0,2,1,0,3,3
S01010578,Inverness Smithton - 02,Highland,523,2,2,3,2,8,6,5,12,9,4,3,2,4,5,2,8,5,6,2,5,5,2,8,10,6,6,8,9,9,13,0,9,1,8,2,5,5,6,8,3,7,3,8,6,9,6,15,3,7,8,9,5,15,14,12,12,11,8,12,9,8,9,5,7,15,6,7,6,6,3,2,6,2,4,5,1,1,6,0,5,2,0,0,1,5,4,2,3,1,1,3
S01010579,Inverness Smithton - 03,Highland,633,5,2,5,6,3,1,5,9,5,3,7,15,4,10,8,3,4,3,8,6,0,4,4,6,7,1,2,7,4,1,1,5,15,7,1,11,14,10,6,10,8,7,11,8,3,3,6,6,13,4,5,7,14,4,14,17,14,8,13,16,10,6,5,8,14,9,5,13,14,6,17,13,10,10,4,6,1,16,1,4,10,8,7,3,7,6,2,2,1,4,2
S01010580,Inverness Smithton - 04,Highland,499,6,6,1,5,1,4,6,4,4,4,3,3,2,5,2,4,3,4,3,1,7,9,5,4,11,13,11,12,11,14,16,11,2,4,4,3,13,16,6,4,10,7,10,9,4,8,8,0,4,6,3,7,7,15,6,6,11,3,5,7,7,14,7,6,7,4,1,2,3,5,4,7,3,1,4,2,7,3,5,6,4,0,4,1,2,1,1,0,3,1,1
S01010581,Inverness Smithton - 05,Highland,509,6,5,1,3,6,7,4,6,8,9,3,12,2,2,10,4,2,3,11,8,2,6,6,3,9,2,11,6,7,9,8,13,9,12,12,6,18,4,4,5,16,4,12,8,7,6,8,5,9,8,8,6,6,3,6,8,8,5,1,8,11,6,3,9,5,4,8,5,6,4,3,4,2,4,0,0,1,3,1,1,1,1,2,1,1,1,3,1,1,2,9
S01010582,Inverness Westhill - 01,Highland,862,13,21,5,15,14,12,8,9,15,7,3,5,10,11,10,9,12,8,14,16,15,18,17,9,6,18,17,9,13,8,14,9,14,10,5,9,10,7,13,9,11,11,10,6,9,16,8,10,8,2,7,10,6,4,15,9,15,14,9,10,10,8,6,3,9,6,9,6,6,12,9,11,8,4,6,7,3,9,4,3,3,8,3,5,9,7,11,5,9,5,21
S01010583,Inverness Westhill - 02,Highland,899,5,2,5,5,7,6,9,5,8,5,11,14,10,10,7,11,7,6,10,9,8,15,9,8,10,20,13,5,5,7,8,7,5,5,7,9,9,7,12,8,3,2,12,11,7,18,10,13,14,17,16,20,15,21,22,21,24,24,9,8,13,15,17,9,13,8,13,8,11,13,11,9,20,14,8,11,2,7,8,17,9,9,8,5,3,4,6,1,1,4,6
S01010584,Inverness Westhill - 03,Highland,1023,15,19,14,11,18,17,21,16,14,24,11,20,15,20,20,6,8,11,14,12,14,9,6,6,9,10,14,14,5,13,21,14,17,9,7,26,14,18,25,18,16,13,20,20,10,20,12,25,22,12,20,18,15,12,15,23,22,8,11,11,5,9,0,10,7,6,4,7,11,2,4,6,12,5,4,3,2,4,0,7,3,3,1,0,1,1,1,2,1,1,1
S01010585,Inverness Westhill - 04,Highland,877,10,12,14,14,19,14,17,21,17,19,17,7,12,15,10,20,10,14,7,7,12,11,8,10,8,7,6,9,8,8,18,18,18,13,23,14,13,17,10,30,14,21,11,15,15,28,24,16,9,20,13,5,21,13,11,13,5,6,12,7,4,5,0,6,3,4,3,2,6,1,1,0,0,4,4,1,1,2,4,2,2,0,2,1,0,2,1,0,0,0,0
S01010586,Inverness Westhill - 05,Highland,783,7,0,6,7,8,14,8,10,9,13,7,10,5,8,9,5,12,9,6,5,6,15,8,6,16,0,8,1,2,5,4,6,5,8,8,8,14,8,6,13,14,7,13,9,12,5,12,8,18,12,8,10,17,12,18,17,11,10,13,22,8,10,12,20,13,13,8,4,7,9,5,12,8,14,10,8,12,8,5,5,0,10,7,3,6,5,0,3,5,0,0
S01010587,Inverness Westhill - 06,Highland,621,2,2,1,3,6,11,5,11,5,8,7,9,4,9,2,6,4,1,4,7,8,0,5,4,7,4,8,6,5,3,6,2,1,9,5,7,3,6,4,8,11,9,11,5,4,10,7,9,11,9,13,14,12,9,13,11,7,12,3,8,9,8,6,9,11,10,8,11,11,9,3,15,16,11,11,7,7,10,5,3,2,9,4,1,2,1,8,4,5,0,9
S01010588,Inverness Westhill - 07,Highland,657,4,7,4,9,7,9,3,6,5,7,4,7,6,8,6,10,9,16,8,8,8,13,6,16,6,3,5,9,4,1,3,6,7,7,5,4,7,2,8,4,10,12,6,9,10,13,8,13,15,12,7,10,15,17,7,12,19,7,8,13,7,8,8,5,5,6,12,8,4,8,10,7,5,17,7,4,2,4,2,4,3,4,2,2,4,9,2,0,0,1,7
S01010589,Inverness Westhill - 08,Highland,562,6,1,4,3,3,2,0,4,3,5,9,3,9,4,5,4,6,4,8,14,4,3,9,7,8,13,17,13,10,0,10,3,9,9,6,4,7,6,9,5,8,8,1,8,9,10,5,5,4,11,11,6,10,23,4,9,7,13,12,11,15,10,5,11,8,10,2,6,3,13,10,3,4,1,2,0,3,5,4,2,4,2,5,5,1,2,1,0,0,0,1
S01010590,Inverness Inshes - 01,Highland,917,5,7,8,11,7,4,13,6,17,13,17,14,22,32,24,15,22,18,15,9,8,12,3,5,5,8,12,3,3,7,6,8,7,9,5,10,10,9,7,12,14,14,9,16,11,18,16,26,12,16,17,23,14,22,18,17,10,10,16,12,15,17,7,6,12,9,7,13,5,9,7,7,12,5,2,7,4,5,6,0,3,4,1,1,4,1,0,4,1,1,3
S01010591,Inverness Inshes - 02,Highland,1381,29,28,21,17,17,32,20,27,21,20,28,22,31,24,21,26,15,12,12,8,8,12,15,13,11,19,18,29,28,23,23,16,24,26,24,28,37,40,43,26,26,32,36,28,23,29,17,24,22,16,15,15,15,16,10,17,11,13,8,8,6,10,10,6,6,6,3,5,8,4,2,4,2,4,6,1,2,2,2,1,3,0,3,2,1,1,0,2,1,1,2
S01010592,Inverness Inshes - 03,Highland,487,3,1,3,3,2,5,3,7,1,1,2,3,9,4,2,4,2,3,2,2,4,4,4,1,9,10,5,14,6,4,13,10,7,9,5,3,5,6,5,14,8,4,10,6,8,2,12,16,7,7,11,6,6,7,7,9,6,5,9,5,8,6,4,8,5,4,10,3,12,5,8,4,5,7,10,4,6,1,4,2,2,3,0,1,1,2,1,0,4,2,4
S01010593,Inverness Inshes - 04,Highland,1460,24,23,24,19,25,25,19,18,18,17,20,21,17,11,26,20,19,17,11,7,10,16,14,17,22,26,28,27,26,26,25,40,18,31,25,24,29,21,22,39,26,16,15,19,21,18,19,31,25,15,17,24,18,11,12,11,18,19,12,22,11,12,10,6,10,11,14,9,10,14,6,10,14,10,8,9,6,5,8,2,2,6,5,4,4,6,4,0,2,1,5
S01010594,Inverness Inshes - 05,Highland,738,8,10,13,6,9,8,3,11,11,6,10,12,14,6,5,11,12,10,5,10,10,4,8,12,12,7,18,11,9,15,14,16,19,15,8,18,11,10,14,17,21,10,0,8,15,11,7,14,17,13,14,10,6,8,10,17,13,3,7,4,8,6,0,5,2,1,9,5,5,3,3,3,5,3,6,1,4,7,2,3,1,0,0,1,5,8,0,5,0,0,1
S01010595,Inverness Inshes - 06,Highland,817,6,5,9,4,8,15,12,14,11,16,12,23,10,7,18,15,13,8,10,14,13,10,8,10,8,11,21,17,7,10,6,10,16,13,16,13,12,11,14,18,19,28,33,22,14,12,15,20,10,15,20,11,7,19,8,6,13,8,7,6,4,5,1,6,3,0,1,2,1,1,1,3,5,3,2,2,1,0,0,2,1,0,2,0,2,1,0,0,0,0,1
S01010596,Inverness Slackbuie - 01,Highland,1692,31,20,26,25,22,19,32,24,28,34,27,22,16,27,22,12,20,32,20,9,17,18,15,8,24,14,26,18,23,17,23,25,36,35,29,26,26,17,35,21,28,23,37,35,30,14,42,10,26,20,26,27,34,17,22,22,21,16,15,23,14,12,18,19,22,18,14,10,16,14,18,12,12,11,8,5,6,10,7,8,6,2,5,2,1,5,3,0,1,2,2
S01010597,Inverness Slackbuie - 02,Highland,969,20,17,15,12,16,12,10,13,13,13,15,19,15,17,14,14,12,7,4,7,6,12,10,8,7,8,17,10,26,21,12,13,20,24,34,12,25,26,30,28,15,15,19,17,10,16,15,20,19,16,10,21,16,8,19,12,10,6,12,9,8,5,7,4,4,1,3,1,4,1,3,5,3,2,3,3,1,2,3,0,1,0,3,1,0,0,1,0,0,0,1
S01010598,Inverness Slackbuie - 03,Highland,1033,8,7,8,11,12,17,21,10,19,23,31,20,26,18,22,13,7,13,13,7,4,3,16,15,17,14,5,7,16,18,20,11,25,17,19,5,11,18,25,22,22,30,19,27,21,13,20,16,27,23,15,16,15,12,22,8,6,9,5,9,14,9,1,4,4,2,4,7,4,3,5,3,5,3,7,4,3,4,4,1,0,1,0,1,1,1,2,1,2,1,3
S01010599,Inverness Lochardil and Holm Mains - 01,Highland,1325,19,27,30,25,23,18,28,15,15,17,22,18,20,17,24,18,24,14,15,13,8,9,12,8,16,22,21,11,28,19,23,14,34,35,23,26,18,23,15,17,19,20,17,17,25,16,22,12,22,21,19,13,26,24,8,10,14,13,8,9,10,10,8,12,11,12,12,8,5,12,5,17,10,6,7,8,9,7,7,3,8,1,0,1,3,2,1,2,2,1,6
S01010600,Inverness Lochardil and Holm Mains - 02,Highland,1072,6,8,11,8,9,12,7,8,12,6,7,6,12,6,7,17,6,8,6,7,8,9,11,19,6,9,14,10,7,15,13,16,16,9,8,11,5,7,8,9,5,10,10,9,10,10,4,13,15,8,13,8,9,12,16,19,18,23,17,19,18,11,11,14,21,24,10,19,24,19,9,27,11,17,14,14,12,7,13,10,11,9,26,11,6,7,12,9,13,7,29
S01010601,Inverness Lochardil and Holm Mains - 03,Highland,669,2,4,4,3,10,8,6,10,1,10,3,7,8,9,5,9,3,10,4,4,9,11,8,9,3,3,5,5,7,3,3,5,6,9,4,7,7,6,8,9,13,8,6,1,12,9,5,4,12,7,8,8,15,9,15,7,6,5,4,11,6,9,4,12,8,6,14,2,4,6,5,7,7,11,10,9,9,11,9,3,12,6,12,7,8,10,4,9,7,7,23
S01010602,Inverness Lochardil and Holm Mains - 04,Highland,509,5,3,9,8,7,6,6,5,8,3,5,2,3,3,5,3,3,7,2,6,5,5,1,4,3,8,4,4,1,9,10,6,9,6,3,15,13,4,11,15,18,4,3,3,9,7,3,7,3,13,9,4,4,9,4,3,7,10,8,9,8,11,7,5,8,8,8,5,4,4,6,6,5,6,7,2,2,9,3,3,3,1,3,2,1,1,1,2,1,3,2
S01010603,Inverness Lochardil and Holm Mains - 05,Highland,727,2,2,2,8,3,7,5,7,7,3,3,4,3,4,8,4,11,7,11,6,6,6,7,5,7,4,12,2,6,9,7,7,7,6,5,9,8,8,11,7,4,10,3,2,4,10,8,9,7,6,17,12,7,15,12,17,11,14,15,14,15,12,24,10,13,12,9,11,16,9,18,13,18,8,7,11,6,6,8,10,7,8,3,2,10,5,2,3,1,4,3
S01010604,Inverness Lochardil and Holm Mains - 06,Highland,475,5,2,4,0,5,3,4,5,1,8,4,11,5,8,8,4,6,6,9,5,4,1,4,5,2,3,0,5,3,6,6,3,1,7,0,9,6,3,11,6,1,7,2,11,5,7,11,11,8,9,1,11,9,11,9,12,5,7,9,11,2,4,6,10,7,3,7,6,4,5,5,7,7,6,8,2,3,5,5,1,0,1,4,4,0,0,2,3,0,2,11
S01010605,Inverness Lochardil and Holm Mains - 07,Highland,830,3,10,7,9,7,9,7,4,9,8,9,10,11,6,6,10,9,8,6,7,9,5,5,7,8,9,3,4,6,7,7,7,12,10,6,7,21,5,11,14,2,8,7,10,12,10,12,8,14,9,13,11,4,9,11,12,9,12,8,9,18,13,12,8,14,15,8,13,15,14,12,7,21,13,15,6,15,7,14,17,12,5,8,8,4,4,3,4,5,4,8
S01010606,Inverness Drummond - 01,Highland,764,5,2,7,9,8,7,8,8,4,9,8,14,11,10,7,4,12,17,1,14,10,7,7,9,9,11,11,11,4,7,12,12,17,5,20,13,19,7,17,13,12,20,9,3,5,5,8,7,13,6,11,3,12,13,15,13,9,8,6,16,12,10,8,9,13,3,5,1,5,6,3,9,9,9,14,5,6,9,8,2,5,6,9,4,1,3,5,1,2,0,2
S01010607,Inverness Drummond - 02,Highland,845,7,6,5,7,7,14,5,12,7,5,8,8,9,15,5,7,7,10,7,12,10,5,5,6,10,9,9,14,9,8,5,4,6,11,15,16,11,9,11,14,5,14,8,6,10,7,14,9,8,8,19,15,12,20,21,10,30,10,15,7,16,16,11,8,18,11,10,9,18,10,16,12,10,5,9,2,3,2,3,6,6,5,7,4,4,2,6,5,5,3,5
S01010608,Inverness Drummond - 03,Highland,631,6,7,5,8,10,8,5,13,8,14,5,6,11,18,10,13,11,9,10,5,10,10,13,13,11,10,16,12,3,13,8,7,7,9,10,6,11,5,17,3,5,1,9,6,12,4,7,11,4,2,7,4,5,16,13,5,17,4,7,8,7,3,3,7,5,5,10,5,4,1,3,6,6,2,4,4,4,1,0,2,5,3,5,1,2,0,3,2,0,1,4
S01010609,Inverness Drummond - 04,Highland,539,5,6,3,7,4,12,3,14,10,7,9,13,4,7,7,13,7,3,7,0,3,3,5,7,5,6,9,6,11,11,10,10,2,6,4,6,11,12,12,9,8,7,4,4,9,6,7,10,4,4,9,11,3,6,9,9,10,9,6,7,2,5,5,5,6,4,5,3,4,4,6,2,4,7,1,4,4,4,3,4,4,5,3,1,1,2,3,0,1,0,6
S01010610,Inverness Drummond - 05,Highland,631,4,3,3,5,1,1,4,5,4,5,2,5,0,1,10,6,12,8,3,3,5,1,4,4,8,7,1,2,8,4,5,7,14,6,4,9,7,5,2,6,3,7,4,8,6,5,4,2,6,11,11,15,11,2,5,4,21,14,9,10,10,15,16,9,9,6,13,19,11,7,13,16,20,12,0,8,11,11,11,6,7,3,14,4,6,3,2,5,3,6,3
S01010611,Inverness Hilton - 01,Highland,908,10,13,14,7,11,13,4,14,14,6,10,13,9,8,7,6,9,6,8,7,10,8,9,15,11,9,10,14,9,8,13,11,9,12,18,11,27,15,13,8,18,13,12,19,11,17,11,8,17,14,13,9,22,11,11,12,18,8,12,12,14,8,10,11,12,11,7,10,5,11,13,10,9,11,3,10,7,5,5,6,7,2,0,2,4,1,6,0,2,1,8
S01010612,Inverness Hilton - 02,Highland,743,8,8,9,8,5,8,14,8,10,7,4,3,14,20,9,11,5,8,12,9,14,9,7,2,6,11,8,1,13,8,13,6,8,3,14,4,13,5,12,15,8,9,8,4,5,8,11,18,14,7,10,10,14,5,12,9,9,8,10,10,7,4,6,8,9,12,9,5,5,13,8,5,7,13,16,6,8,8,7,5,10,6,1,3,3,3,2,0,4,3,6
S01010613,Inverness Hilton - 03,Highland,725,5,6,5,9,12,9,8,3,9,7,10,7,10,15,15,5,5,1,11,12,2,6,7,6,4,8,4,7,10,6,8,13,8,5,9,8,10,6,9,10,17,10,14,6,10,8,4,10,5,4,11,4,2,9,9,6,16,10,10,8,6,14,6,6,10,14,8,12,16,9,12,7,14,11,7,9,11,2,4,5,9,10,6,2,7,4,5,3,5,1,7
S01010614,Inverness Hilton - 04,Highland,626,3,7,15,9,5,6,6,11,12,5,6,7,10,7,7,14,6,8,15,3,6,8,9,8,5,8,4,4,3,15,4,8,1,12,12,15,11,10,6,8,13,10,10,6,6,6,2,11,7,8,9,20,10,9,11,5,11,6,6,7,7,6,8,4,6,6,11,3,4,3,6,3,4,10,5,2,6,4,5,9,2,3,1,4,2,2,0,0,1,2,5
S01010615,Inverness Hilton - 05,Highland,757,10,5,8,10,6,9,9,10,5,15,3,17,8,13,14,8,10,3,4,4,9,7,1,7,15,13,6,16,14,6,13,13,15,13,20,13,6,16,15,19,18,9,15,14,19,2,10,7,11,7,4,16,10,12,13,6,6,11,10,7,16,7,4,11,12,6,6,11,2,6,7,4,9,1,3,4,4,2,0,2,5,6,2,5,2,0,2,1,1,0,1
S01010616,Inverness Drakies - 01,Highland,762,6,4,5,10,10,1,12,6,11,6,7,8,7,5,3,9,7,7,4,4,5,6,11,5,7,10,9,5,6,4,4,5,11,10,18,9,12,10,14,12,9,9,3,10,9,18,14,8,12,9,11,12,14,14,23,11,13,9,16,14,9,4,10,9,7,12,6,7,9,7,11,12,10,9,9,5,11,7,7,8,5,8,4,7,7,6,2,2,1,2,6
S01010617,Inverness Drakies - 02,Highland,840,3,7,7,12,11,9,5,10,8,12,9,10,9,5,12,9,6,16,9,12,4,6,7,2,6,8,2,5,4,11,7,7,12,9,6,13,5,9,12,13,9,14,9,11,8,8,9,16,13,8,16,11,10,12,10,20,25,17,16,16,11,12,13,13,10,11,16,5,12,14,12,4,11,13,5,14,3,16,5,9,7,6,7,4,4,5,3,2,0,1,5
S01010618,Inverness Drakies - 03,Highland,657,2,6,9,5,5,7,5,12,6,9,4,12,4,8,5,11,7,4,7,2,4,6,2,4,9,4,7,1,4,9,17,8,9,4,11,3,4,12,6,16,6,13,6,11,7,9,10,10,9,10,7,10,4,12,12,11,10,14,10,11,12,12,18,10,10,10,9,15,3,6,4,11,11,5,11,6,3,7,10,3,5,2,2,1,3,3,0,2,0,0,1
S01010619,"Inverness Central, Raigmore and Longman - 01",Highland,558,4,10,5,9,7,8,9,8,4,6,0,1,6,1,2,4,3,4,6,6,5,6,4,7,14,11,13,13,21,17,13,10,6,6,13,4,9,14,12,15,12,7,8,11,13,7,7,12,3,10,11,9,8,13,12,1,12,4,0,4,7,2,2,4,11,5,7,1,5,3,5,2,4,3,2,3,0,1,1,3,0,1,0,1,0,1,1,2,0,0,1
S01010620,"Inverness Central, Raigmore and Longman - 02",Highland,599,4,4,0,4,4,4,1,4,6,3,2,7,5,2,2,6,1,0,6,9,1,16,10,19,7,26,13,16,19,30,16,18,9,9,35,11,15,10,19,8,7,14,10,9,5,7,4,10,6,11,6,7,10,6,11,5,4,2,8,6,4,2,10,6,7,0,3,3,1,3,2,0,0,2,3,0,5,3,1,1,2,4,1,1,0,0,1,0,1,0,4
S01010621,"Inverness Central, Raigmore and Longman - 03",Highland,874,4,11,7,7,4,6,8,16,7,2,8,6,6,5,11,6,12,15,10,9,6,12,5,11,10,11,15,11,16,22,12,14,8,14,5,19,0,12,23,1,17,12,10,8,17,13,12,11,16,9,21,18,11,11,8,12,18,9,19,21,13,9,15,9,9,10,11,17,9,6,10,7,4,14,7,7,3,8,6,3,4,5,6,7,0,2,5,4,0,0,4
S01010622,"Inverness Central, Raigmore and Longman - 04",Highland,618,9,6,13,6,10,7,8,6,6,14,6,10,15,7,2,8,5,4,12,6,2,6,10,4,6,9,10,9,7,7,6,7,7,7,15,9,6,19,3,13,12,10,11,13,6,7,11,3,4,9,3,11,8,5,4,7,5,9,7,10,16,8,6,4,11,6,10,3,4,6,4,2,6,10,1,7,0,1,5,1,2,5,3,4,2,3,3,3,1,4,0
S01010623,"Inverness Central, Raigmore and Longman - 05",Highland,673,14,16,19,25,17,20,17,24,7,17,4,5,23,13,19,4,17,7,12,9,8,10,4,14,8,6,4,13,10,8,15,7,8,6,5,5,20,13,5,4,21,10,8,5,4,5,3,13,15,5,2,3,0,4,9,6,5,10,5,6,1,5,7,3,3,3,8,7,3,8,8,0,1,5,0,0,1,0,0,1,2,1,0,1,0,0,0,1,0,0,3
S01010624,"Inverness Central, Raigmore and Longman - 06",Highland,585,7,6,4,15,12,14,7,12,2,3,7,4,2,7,11,4,6,11,7,5,12,9,21,8,17,11,2,14,5,15,13,8,10,14,11,16,11,2,5,3,19,3,3,8,9,17,11,8,7,10,6,7,3,5,15,8,1,6,1,6,6,5,7,10,5,3,6,0,3,8,3,4,0,0,6,3,0,1,1,1,1,2,0,0,1,0,3,0,0,0,0
S01010625,Inverness Crown and Haugh - 01,Highland,736,2,3,1,3,3,4,10,5,5,4,6,9,10,6,9,11,10,3,12,9,1,5,9,8,1,6,9,1,7,3,5,9,0,4,3,6,0,8,8,9,6,8,9,8,7,5,4,11,7,11,3,12,11,20,13,13,10,19,11,5,14,15,11,6,12,9,13,12,18,14,4,17,7,9,8,9,9,12,15,7,6,10,14,8,10,9,4,7,5,6,16
S01010626,Inverness Crown and Haugh - 02,Highland,951,2,4,4,4,10,6,9,8,3,9,9,4,7,11,7,13,7,13,6,2,6,9,8,12,11,8,8,4,3,4,2,2,14,7,9,7,3,11,4,6,11,12,14,9,16,3,5,11,11,26,14,9,18,9,23,20,18,12,15,21,11,18,13,8,10,11,21,12,7,15,15,11,14,17,14,7,18,9,10,7,9,14,16,13,16,11,9,10,6,2,44
S01010627,Inverness Crown and Haugh - 03,Highland,729,6,6,1,4,4,7,4,5,2,11,4,9,3,5,5,3,5,7,10,5,2,8,10,8,13,11,10,17,15,15,11,24,16,13,4,13,14,8,13,9,12,8,4,11,6,10,7,12,5,7,2,7,9,9,11,4,5,13,10,7,7,8,4,5,9,11,19,11,14,2,6,13,7,7,10,5,5,6,6,4,4,8,5,6,7,3,5,2,2,6,23
S01010628,Inverness Crown and Haugh - 04,Highland,905,9,2,6,8,2,5,4,8,11,4,10,5,12,7,10,9,11,3,6,7,6,2,15,4,6,14,15,13,15,8,14,13,17,15,25,13,20,26,24,27,14,17,6,7,13,16,10,14,16,13,19,10,13,9,16,14,19,15,11,14,12,18,13,14,11,7,5,3,5,0,8,5,10,3,4,6,5,8,9,3,2,7,8,6,8,2,4,5,3,0,14
S01010629,Inverness Crown and Haugh - 05,Highland,1074,6,4,7,6,5,7,5,8,6,12,8,6,9,9,11,8,12,6,9,13,10,10,9,14,14,16,4,12,17,7,14,4,2,12,19,2,16,4,4,11,7,16,12,9,14,17,15,3,5,18,9,12,18,24,17,15,13,19,14,19,12,15,12,14,7,7,12,22,22,12,25,10,11,13,9,16,14,24,10,14,15,16,21,8,14,8,10,8,12,8,39
S01010630,Inverness Ballifeary and Dalneigh - 01,Highland,555,2,4,6,4,10,8,6,10,9,8,6,5,7,13,11,7,1,7,6,3,5,7,7,8,10,5,8,1,1,5,9,7,9,5,10,5,8,11,18,1,7,11,12,8,6,10,4,11,13,10,8,4,8,6,10,7,10,7,4,4,4,14,6,11,3,6,5,4,1,1,8,4,4,5,0,7,5,0,1,2,2,3,5,0,6,1,1,3,2,2,6
S01010631,Inverness Ballifeary and Dalneigh - 02,Highland,515,5,7,6,7,4,8,1,4,2,4,1,9,2,1,0,5,3,0,6,0,2,11,5,10,4,10,13,7,13,13,15,2,7,21,8,15,12,11,10,5,9,13,3,5,6,4,0,3,6,5,5,6,9,4,4,6,3,8,8,3,6,3,3,1,4,4,1,4,6,5,1,5,5,2,5,4,4,0,1,2,5,0,3,5,8,5,5,9,3,7,20
S01010632,Inverness Ballifeary and Dalneigh - 03,Highland,893,16,11,5,8,13,5,6,11,4,10,11,6,7,8,3,9,9,8,11,15,6,5,12,6,9,12,16,9,20,20,15,12,15,14,8,7,5,1,16,11,11,10,7,5,13,11,16,13,14,9,10,8,12,16,11,18,24,11,11,18,13,18,16,19,6,11,8,6,5,6,8,10,11,5,9,5,7,9,12,13,5,7,7,5,7,6,3,5,4,2,2
S01010633,Inverness Ballifeary and Dalneigh - 04,Highland,1003,9,9,8,12,13,14,16,15,19,14,13,14,13,14,18,14,11,19,7,13,15,16,11,15,9,14,12,14,10,6,17,9,11,7,10,11,17,13,17,10,20,12,5,8,8,11,8,12,6,13,14,10,18,14,17,20,19,16,16,12,16,20,18,13,7,10,14,7,8,6,3,8,11,8,4,8,6,6,10,5,2,6,6,7,7,1,3,1,1,5,8
S01010634,Inverness Ballifeary and Dalneigh - 05,Highland,638,3,3,5,1,8,11,8,11,7,11,10,10,12,16,5,3,6,11,2,15,4,10,6,6,10,14,3,14,4,10,12,10,15,8,10,15,7,11,12,7,17,8,12,4,12,6,4,11,4,4,5,13,7,12,3,2,7,6,4,10,7,3,8,3,8,5,6,2,12,6,8,4,7,8,6,4,4,4,2,4,4,5,3,3,2,1,1,2,3,2,4
S01010635,Inverness Ballifeary and Dalneigh - 06,Highland,753,7,7,5,4,7,10,13,12,10,6,4,8,7,15,11,5,12,9,8,7,8,7,12,22,10,4,7,3,9,5,5,6,6,5,3,4,9,18,12,15,12,9,7,12,17,6,5,11,12,8,6,12,12,9,14,17,16,15,17,9,10,12,4,7,7,5,4,6,5,8,12,8,8,8,3,4,8,15,3,7,7,5,5,6,3,4,3,3,1,2,7
S01010636,Inverness Muirtown - 01,Highland,774,7,9,9,2,4,12,11,7,3,8,9,3,5,3,6,6,8,10,9,0,6,12,4,15,5,10,8,8,12,15,6,7,12,12,13,11,11,10,8,21,10,14,18,6,4,8,9,7,10,13,17,3,16,9,10,18,11,5,16,16,15,14,14,7,7,6,10,5,13,10,2,7,5,17,6,10,6,9,7,8,1,6,5,6,6,3,5,1,2,0,4
S01010637,Inverness Muirtown - 02,Highland,505,7,2,6,2,3,1,4,1,3,6,2,5,4,2,2,2,0,1,3,2,4,1,4,3,6,3,9,8,8,13,12,7,5,12,19,18,3,8,6,6,6,7,1,9,6,9,4,5,9,3,2,12,10,11,8,10,10,6,12,12,4,9,2,12,6,15,7,2,2,8,1,7,4,3,8,3,4,4,8,3,5,1,5,0,6,3,2,3,1,2,0
S01010638,Inverness Muirtown - 03,Highland,742,5,5,7,7,6,3,2,7,3,2,4,8,9,3,4,8,10,5,5,0,8,4,2,9,5,18,4,8,6,7,18,7,8,7,3,4,16,12,15,11,7,7,10,10,4,10,14,5,9,7,13,11,8,9,13,17,16,8,12,6,11,13,11,7,17,10,8,11,3,18,8,8,8,17,9,5,13,15,6,4,13,4,3,6,5,7,7,2,2,6,14
S01010639,Inverness Muirtown - 04,Highland,1061,12,12,15,12,12,9,12,9,13,2,16,7,5,9,7,4,16,11,14,14,10,17,10,15,15,18,11,13,19,26,16,19,21,14,23,22,25,7,9,7,18,13,12,6,19,18,16,15,26,24,16,11,22,12,16,12,15,15,15,12,16,6,11,8,8,19,11,13,14,13,6,7,16,14,3,5,5,10,4,4,1,3,6,3,3,3,2,1,2,1,2
S01010640,Inverness Muirtown - 05,Highland,612,5,6,7,3,6,3,1,6,8,2,1,0,2,3,1,1,2,8,4,7,12,7,6,7,6,7,10,10,19,17,2,8,14,6,14,12,16,8,6,19,3,1,5,10,2,12,6,7,10,9,16,4,5,20,3,8,14,18,22,4,7,10,6,4,10,7,7,6,8,3,9,7,6,5,9,4,7,12,4,1,0,4,0,5,3,1,1,2,0,0,3
S01010641,Inverness Merkinch - 01,Highland,957,7,16,9,7,14,5,7,10,10,14,9,9,6,13,7,6,12,9,10,7,10,16,14,15,16,16,17,15,11,15,21,17,14,18,12,19,7,24,18,26,11,19,20,13,11,11,21,19,16,10,3,14,13,17,7,9,4,15,16,6,17,17,11,8,13,7,10,11,5,4,9,8,3,3,4,2,5,6,10,3,4,2,1,2,3,6,0,2,2,4,12
S01010642,Inverness Merkinch - 02,Highland,1063,19,23,18,14,17,17,16,10,19,14,13,14,9,9,18,17,13,18,23,21,8,14,13,10,14,32,7,11,11,15,11,21,14,16,12,24,16,18,18,14,12,19,17,9,19,7,13,12,21,17,12,16,10,14,22,12,13,4,10,12,11,7,10,11,4,11,12,8,6,9,2,12,11,7,3,1,6,5,6,6,5,5,0,2,2,2,3,0,0,1,3
S01010643,Inverness Merkinch - 03,Highland,697,3,9,12,13,8,13,11,7,14,20,8,18,15,9,12,10,9,10,17,16,14,8,7,9,10,5,11,5,13,11,7,6,8,12,14,9,4,7,12,13,8,11,8,3,7,10,6,12,13,13,12,4,10,6,0,9,16,4,8,3,9,12,11,7,5,7,6,4,5,3,6,5,1,7,3,2,4,3,5,1,2,1,0,0,3,0,0,1,0,0,2
S01010644,Inverness Merkinch - 04,Highland,637,7,10,15,8,7,12,4,7,14,3,7,13,13,15,3,11,7,8,3,2,4,2,5,7,17,5,5,6,8,10,8,9,11,12,12,11,13,12,4,6,18,9,6,3,12,4,9,6,6,14,12,4,9,8,18,15,5,6,8,3,13,9,13,5,2,3,8,6,11,2,4,4,8,2,6,4,4,0,5,3,4,3,0,2,0,4,0,0,0,0,1
S01010645,Inverness Scorguie - 01,Highland,509,6,0,4,2,7,2,5,4,7,4,2,6,1,3,3,1,4,0,5,1,0,5,8,2,6,1,18,4,13,8,2,14,7,3,3,5,3,4,3,8,8,7,4,6,1,7,13,10,11,4,5,8,23,9,5,14,12,13,10,5,12,13,9,9,11,7,8,7,4,4,7,2,8,13,7,2,2,5,1,3,3,2,0,1,1,3,0,2,0,0,4
S01010646,Inverness Scorguie - 02,Highland,633,3,6,2,8,5,5,7,6,4,4,13,3,6,8,4,7,3,4,2,7,3,4,11,5,6,9,2,8,10,6,10,12,4,6,3,3,14,2,13,8,4,6,9,10,7,7,5,9,7,2,6,5,11,12,8,17,10,7,6,6,13,14,15,20,9,16,10,15,9,8,7,11,14,9,10,5,6,4,1,3,3,3,3,4,3,5,4,0,2,2,5
S01010647,Inverness Scorguie - 03,Highland,634,1,2,1,5,1,0,0,3,6,1,2,2,4,3,6,7,2,0,1,4,3,5,5,7,3,6,8,4,1,7,8,9,9,0,9,9,8,9,9,5,7,1,0,4,7,8,1,8,1,3,15,16,10,9,7,6,17,15,9,17,8,9,19,19,11,14,12,14,11,14,3,7,7,11,13,7,6,3,8,13,4,6,5,8,10,5,6,7,6,6,26
S01010648,Inverness Scorguie - 04,Highland,570,3,3,1,5,6,1,4,4,4,5,6,5,8,2,8,7,3,2,7,3,5,10,7,8,2,6,7,6,3,4,8,9,6,15,9,3,8,16,3,6,7,13,7,8,5,4,0,6,9,8,6,6,9,7,9,13,11,11,8,11,5,15,10,10,11,6,13,20,7,6,1,8,8,3,11,5,4,5,5,3,8,2,2,2,1,0,4,1,0,1,7
S01010649,Inverness Scorguie - 05,Highland,560,2,2,2,3,6,4,3,6,4,6,3,9,3,5,8,5,6,7,2,8,4,6,4,3,9,3,5,10,10,4,3,4,4,5,5,11,5,5,7,2,12,8,8,5,6,9,10,6,6,4,8,10,5,10,7,8,7,4,11,11,10,5,7,5,8,9,5,6,10,7,6,3,6,11,8,8,9,13,10,3,3,9,1,3,5,9,4,1,2,5,11
S01010650,Inverness Kinmylies and South West - 01,Highland,1356,11,27,26,25,34,20,25,19,17,18,18,17,22,13,13,13,13,9,8,9,13,13,9,12,9,10,24,11,22,17,12,16,27,25,36,35,27,28,26,28,21,24,30,16,19,24,20,18,25,22,17,21,21,19,22,12,21,15,25,10,12,13,18,23,13,9,8,13,2,9,12,7,7,7,3,3,4,3,3,3,3,4,4,4,4,1,0,0,1,1,3
S01010651,Inverness Kinmylies and South West - 02,Highland,629,6,5,2,8,4,8,10,11,7,11,6,8,11,9,12,7,2,10,2,6,8,5,3,6,5,9,14,7,5,10,2,3,8,12,6,3,6,10,10,14,18,6,5,6,12,5,7,6,5,8,7,8,2,10,7,6,21,11,5,6,9,9,8,13,12,18,11,8,12,4,7,12,1,5,8,3,3,5,4,2,2,3,3,4,1,1,1,2,1,1,4
S01010652,Inverness Kinmylies and South West - 03,Highland,844,12,12,15,11,12,9,8,14,8,17,7,6,13,6,10,8,6,8,2,6,7,6,12,6,5,10,13,13,10,11,11,8,13,11,12,10,19,15,21,15,10,8,11,2,7,17,8,7,7,14,9,12,23,12,18,14,13,11,12,8,6,12,11,13,10,17,8,6,12,8,16,7,10,7,8,12,4,4,3,5,5,2,4,1,2,1,6,0,0,1,2
S01010653,Inverness Kinmylies and South West - 04,Highland,560,1,5,4,4,4,1,0,3,4,4,4,4,3,2,1,3,2,4,1,1,3,1,7,6,7,5,10,7,12,3,6,2,7,10,8,12,7,6,8,1,0,5,9,5,10,5,6,4,7,5,6,10,7,12,11,15,12,7,13,11,10,10,10,9,18,16,19,9,6,10,3,5,8,12,14,2,4,5,6,5,8,3,3,2,4,3,3,1,3,5,1
S01010654,Inverness Kinmylies and South West - 05,Highland,733,6,6,8,4,11,11,5,8,11,12,6,7,11,12,6,7,11,4,8,11,7,5,8,10,2,14,11,11,6,15,10,10,11,1,22,12,5,7,10,21,8,12,9,6,13,11,5,1,10,11,6,7,10,11,11,13,5,10,9,8,13,19,14,10,6,9,8,14,7,10,8,7,8,3,4,4,1,8,7,4,7,2,4,4,2,4,2,0,2,1,2
S01010655,Inverness West Rural - 01,Highland,965,2,4,6,7,0,13,9,12,12,13,11,15,12,13,20,18,11,12,22,8,8,8,4,5,11,8,5,4,10,11,0,3,5,2,9,2,15,7,10,7,8,6,7,12,18,11,9,10,13,19,17,21,34,13,23,15,19,17,18,15,17,19,15,19,23,12,12,9,11,14,15,13,10,16,15,9,12,2,7,4,5,8,6,6,4,8,1,3,4,1,6
S01010656,Inverness West Rural - 02,Highland,711,8,10,20,12,20,14,16,9,13,8,12,5,8,5,9,8,9,4,4,8,8,4,6,7,11,3,8,16,12,8,8,8,14,19,4,14,12,9,5,16,9,11,5,9,9,7,3,9,8,10,14,5,5,15,9,5,7,9,4,6,1,11,6,6,7,6,6,8,6,8,7,8,14,6,5,4,9,8,5,4,4,4,4,1,1,1,0,3,2,2,1
S01010657,Inverness West Rural - 03,Highland,696,7,4,11,8,3,9,8,3,9,4,13,8,5,2,11,7,6,9,5,5,9,8,8,2,4,4,6,4,3,8,5,2,6,6,4,11,13,7,4,10,5,12,11,10,3,7,5,7,9,7,21,8,12,14,24,9,17,14,16,11,9,6,11,9,10,18,10,11,8,9,14,5,7,7,5,9,11,12,11,7,0,2,1,3,2,3,3,0,2,2,6
S01010658,Inverness West Rural - 04,Highland,773,7,5,2,6,6,5,3,6,14,5,9,7,10,4,6,11,3,9,8,8,7,2,9,2,8,4,5,6,6,8,14,11,2,4,7,6,12,9,7,4,8,9,7,7,10,2,12,12,13,12,15,18,9,13,14,12,19,17,10,14,19,13,15,16,8,15,13,7,8,14,9,13,13,21,6,12,10,11,9,10,1,6,5,5,2,1,3,5,1,1,1
S01010659,Inverness West Rural - 05,Highland,664,3,2,5,4,4,5,6,6,7,6,4,5,14,7,4,9,8,5,8,4,1,2,8,4,0,12,2,5,6,3,7,2,8,1,5,7,3,5,4,12,15,7,8,8,7,8,3,7,9,14,15,13,16,19,15,16,13,14,12,5,13,7,9,9,9,6,14,4,13,15,15,11,15,7,5,6,12,9,5,2,11,7,1,2,6,3,3,1,3,0,4
S01010660,Inverness West Rural - 06,Highland,678,4,4,6,4,10,4,9,10,6,13,5,12,7,9,9,1,4,4,4,5,12,7,8,8,3,11,12,10,12,9,6,5,7,8,9,4,5,8,8,7,1,9,7,9,10,7,3,10,7,14,13,14,14,5,11,23,5,7,7,8,6,9,13,8,10,6,3,7,8,11,9,8,15,8,3,11,11,5,7,6,5,2,1,3,5,5,12,1,5,1,1
S01010661,Inverness West Rural - 07,Highland,545,8,3,6,8,5,7,4,6,7,6,3,4,0,6,4,4,5,4,7,3,4,1,6,4,3,3,1,4,7,2,2,4,6,5,12,15,14,7,6,1,7,1,6,2,6,3,6,8,3,10,10,11,3,7,7,11,16,8,12,5,7,4,10,4,5,5,9,14,6,10,16,6,6,10,10,6,5,7,5,3,0,5,5,6,5,3,2,1,1,6,14
S01010662,Inverness West Rural - 08,Highland,813,5,2,6,7,7,10,5,7,7,14,3,9,10,9,16,9,3,11,8,4,6,7,15,8,4,8,14,5,11,9,5,16,13,2,4,6,8,9,12,12,10,6,5,8,9,10,7,12,14,18,8,21,16,13,12,21,5,14,13,8,11,17,25,17,13,11,8,13,8,8,14,16,19,6,6,11,2,4,8,3,4,5,2,2,6,6,3,2,3,0,4
S01010663,Inverness West Rural - 09,Highland,1016,3,8,3,10,8,11,9,7,9,10,12,10,18,18,15,13,15,12,13,10,5,11,4,4,13,5,7,3,1,8,4,4,7,15,12,8,5,7,13,7,11,6,12,11,11,19,17,10,15,17,15,15,14,16,23,34,11,15,16,14,18,18,17,10,22,13,16,11,27,18,15,8,21,20,15,9,14,12,14,7,9,4,7,11,1,2,3,3,3,1,8
S01010664,Loch Ness - 01,Highland,830,3,4,3,3,7,9,8,2,10,11,4,10,8,12,13,11,11,8,5,10,5,8,5,1,5,10,4,9,9,1,3,3,5,8,0,4,6,5,12,5,4,7,8,14,8,12,14,11,16,18,13,14,15,17,11,23,18,21,19,14,14,17,12,20,15,17,17,11,16,13,6,18,8,13,14,8,6,7,10,4,8,5,6,6,7,3,2,0,1,1,8
S01010665,Loch Ness - 02,Highland,1050,8,8,7,6,6,7,6,11,8,8,19,15,12,12,10,17,12,16,11,19,9,18,3,6,1,4,8,5,11,5,3,7,5,15,10,13,9,13,2,16,10,11,8,10,10,12,16,19,13,22,14,24,25,24,18,22,22,23,18,13,19,19,17,19,14,13,18,20,22,16,3,29,7,15,12,14,6,5,5,7,4,6,0,10,5,5,3,4,4,0,14
S01010666,Loch Ness - 03,Highland,996,10,5,8,6,12,9,4,10,8,15,8,16,11,9,11,8,18,10,14,15,11,13,14,1,5,7,12,18,10,5,13,3,8,7,7,8,10,9,14,14,7,7,14,6,21,11,11,16,15,16,13,18,23,17,19,21,15,14,15,7,13,16,17,18,16,12,13,11,16,14,16,13,13,6,11,17,10,10,3,9,9,5,7,7,2,9,3,3,3,3,9
S01010667,Loch Ness - 04,Highland,683,1,3,5,5,6,5,4,6,8,7,9,6,8,6,9,5,9,8,11,2,11,2,5,2,11,4,3,0,2,5,5,4,4,8,3,11,3,10,5,6,7,5,16,11,13,6,10,7,5,12,10,5,14,4,12,26,20,8,17,14,19,14,12,10,8,13,11,9,13,8,12,10,12,7,12,5,4,6,4,4,8,6,4,1,1,4,3,4,2,2,6
S01010668,Loch Ness - 05,Highland,1070,4,2,2,9,8,3,9,13,10,9,9,16,10,10,12,9,11,5,8,10,5,9,9,6,6,5,6,3,7,7,6,15,3,5,18,16,15,13,18,12,12,15,5,8,9,9,14,31,10,9,21,19,9,25,11,23,19,15,20,11,21,33,18,21,20,18,18,20,20,15,20,12,19,19,18,12,15,16,11,12,10,5,12,0,3,5,2,7,5,0,15
S01010669,Lochalsh - 01,Highland,578,4,1,1,4,3,0,6,1,1,1,8,2,7,7,10,10,5,7,13,7,4,7,0,4,2,5,5,5,5,3,3,3,3,1,4,4,2,4,2,3,1,4,5,5,8,5,1,9,4,10,7,6,10,15,12,6,13,11,15,9,18,16,11,18,10,10,11,16,8,10,7,12,9,12,4,3,4,7,6,3,3,8,7,3,5,7,5,7,3,7,5
S01010670,Lochalsh - 02,Highland,717,1,8,8,10,6,7,9,5,3,5,4,7,2,11,5,8,13,6,7,4,5,9,8,7,3,10,10,5,4,5,10,3,9,7,12,3,1,7,6,9,11,7,3,3,8,6,2,12,9,8,14,7,14,14,14,16,15,14,23,17,19,17,19,11,12,8,17,10,14,7,13,5,10,18,8,6,4,6,4,1,2,3,5,1,5,5,2,3,1,1,1
S01010671,Lochalsh - 03,Highland,740,2,5,2,5,7,4,7,12,4,13,1,10,15,4,9,6,6,10,7,13,5,8,4,7,2,2,10,7,2,1,1,3,7,9,7,7,2,1,4,7,9,10,10,8,6,13,8,15,7,11,15,10,14,10,10,11,22,13,11,10,7,9,16,10,13,10,16,15,11,14,11,13,13,22,9,18,12,6,5,5,5,4,10,4,5,5,0,1,1,3,6
S01010672,Lochalsh - 04,Highland,584,5,3,13,3,4,7,5,4,8,3,8,5,4,4,9,8,5,14,5,8,6,1,11,9,9,6,9,12,10,7,10,3,6,9,3,9,2,12,8,10,3,2,3,10,5,6,3,6,10,7,4,9,5,6,12,13,11,14,11,17,7,6,9,6,7,11,6,12,7,5,5,4,3,5,3,1,2,2,0,3,3,7,4,6,5,2,2,3,3,2,9
S01010673,Skye South - 01,Highland,974,8,6,5,2,11,2,7,3,12,14,13,8,10,2,9,8,9,17,4,14,12,7,13,5,11,12,10,6,13,10,19,5,12,6,7,12,3,7,12,8,11,9,12,9,5,15,10,17,9,9,18,15,18,23,17,20,20,20,15,13,17,22,21,14,16,21,11,20,15,13,20,9,19,17,9,7,13,11,8,4,9,1,10,4,4,3,1,2,0,1,13
S01010674,Skye South - 02,Highland,988,6,8,7,10,10,2,3,15,11,15,13,8,19,13,9,12,11,14,8,17,8,7,10,7,11,8,4,7,9,13,4,8,7,18,9,9,12,11,8,17,9,2,7,4,17,10,17,6,20,18,16,18,21,15,8,16,21,10,26,17,16,9,7,21,8,15,15,17,22,11,27,14,19,10,11,11,21,9,5,9,8,4,3,1,2,5,2,2,1,1,6
S01010675,Skye South - 03,Highland,681,2,2,5,2,2,4,1,3,4,8,4,3,11,3,5,9,10,5,6,2,4,3,2,2,4,6,3,13,7,10,3,7,6,4,11,6,9,8,6,1,7,4,4,8,7,10,6,5,5,19,11,10,17,14,10,16,15,13,13,12,18,14,19,16,10,9,11,18,18,2,11,9,12,7,12,9,11,8,9,5,4,7,6,3,4,1,3,3,2,3,5
S01010676,Skye South - 04,Highland,955,5,8,8,8,9,7,10,6,14,5,8,8,8,11,13,5,6,7,12,9,10,15,6,4,4,2,2,9,9,10,6,7,10,15,8,5,8,11,16,9,14,15,8,17,11,16,8,19,9,10,12,11,17,22,12,7,12,24,13,16,16,17,12,13,17,17,15,19,20,15,26,19,15,12,11,11,14,11,8,7,13,12,5,4,4,5,6,1,1,0,3
S01010677,Skye North East - 01,Highland,575,7,2,6,4,4,3,6,4,2,8,4,6,2,6,2,10,2,6,8,2,6,2,4,10,3,3,5,5,3,3,9,3,5,6,4,6,0,4,8,6,4,11,4,4,5,3,7,2,5,8,9,3,8,9,11,10,10,14,9,13,14,9,12,8,18,11,2,13,6,25,6,6,13,18,10,2,7,5,3,6,6,4,7,4,5,2,2,2,2,0,9
S01010678,Skye North East - 02,Highland,668,3,5,5,6,9,7,13,8,4,6,6,6,5,5,3,6,7,1,6,5,6,7,5,1,9,2,5,5,8,5,8,15,7,13,7,3,4,5,10,3,12,5,7,10,6,11,13,9,4,13,10,15,13,7,12,14,15,12,7,11,12,16,12,13,16,15,15,11,2,4,3,2,12,9,7,7,3,7,3,6,9,5,5,3,6,1,4,1,4,1,4
S01010679,Skye North East - 03,Highland,545,2,7,2,3,7,2,2,2,4,4,3,7,1,8,3,4,4,5,3,1,2,7,3,1,7,10,2,10,10,2,3,14,7,7,7,7,7,4,3,11,4,4,5,3,13,2,4,4,8,8,10,8,4,4,9,5,5,9,15,8,7,7,8,5,20,10,12,11,11,11,7,6,6,9,7,7,3,8,4,5,4,2,5,2,3,10,4,4,0,0,17
S01010680,Skye North East - 04,Highland,597,8,7,4,10,9,8,3,9,4,5,3,11,3,5,6,1,5,3,5,4,2,5,6,5,8,9,6,5,12,5,10,5,11,3,8,8,3,5,8,5,1,7,8,1,5,17,4,5,1,11,12,3,5,4,7,9,9,6,13,8,4,8,8,17,6,6,7,13,6,14,15,13,13,9,5,1,4,4,7,5,7,4,3,6,6,4,4,2,2,1,15
S01010681,Skye North East - 05,Highland,1117,9,11,6,17,12,12,18,5,18,12,21,11,17,6,7,19,18,20,11,20,8,11,17,17,16,10,17,12,16,17,15,11,11,18,19,21,6,10,11,18,17,7,11,12,25,22,16,10,22,15,15,12,17,21,18,12,19,10,15,11,15,22,16,8,7,17,12,16,14,10,16,12,10,9,6,2,5,5,8,3,3,4,6,3,2,3,5,1,6,6,7
S01010682,Skye North West - 01,Highland,1048,3,7,8,7,14,8,11,14,10,14,15,16,11,15,16,19,16,11,8,14,12,9,8,2,6,11,9,7,7,10,6,8,4,4,12,4,9,19,12,18,16,19,8,16,4,7,7,9,22,9,18,13,24,10,23,34,18,18,14,20,10,19,23,23,12,20,18,18,20,16,11,13,9,9,17,6,8,7,6,9,10,2,6,5,7,5,2,2,3,2,7
S01010683,Skye North West - 02,Highland,977,11,5,3,8,9,6,6,15,17,9,10,14,16,10,5,10,8,7,6,8,11,1,6,1,4,11,4,14,5,12,12,7,6,12,7,6,13,12,3,2,12,5,20,10,12,9,8,10,12,18,20,19,13,23,11,13,28,23,23,28,16,4,20,21,22,13,10,18,20,17,11,19,13,15,11,18,12,7,8,1,5,7,7,4,5,7,1,2,2,0,12
S01010684,Skye North West - 03,Highland,741,2,4,5,5,3,3,4,3,4,5,5,2,7,0,10,9,4,12,7,6,2,6,10,2,0,6,8,6,0,2,0,3,3,3,3,1,5,4,11,12,8,5,10,6,5,4,3,12,13,12,16,2,7,5,16,23,18,24,22,17,17,16,11,21,14,13,16,14,8,25,10,21,9,14,10,12,7,17,18,14,4,5,1,6,4,0,2,6,3,2,6
S01010685,Skye North West - 04,Highland,633,4,6,5,3,4,4,7,7,1,1,1,3,1,2,8,3,2,7,2,4,3,5,2,2,1,3,7,6,7,5,2,12,2,8,7,14,9,2,12,5,9,5,2,4,2,13,6,9,13,11,5,12,10,8,15,7,10,17,8,15,11,12,21,12,12,9,9,14,16,18,14,8,17,16,14,10,5,5,3,6,8,1,6,3,5,3,3,0,1,0,1
S01010686,Ross and Cromarty South West - 01,Highland,710,2,1,1,3,3,7,1,5,2,3,6,4,5,4,10,4,8,6,9,9,3,9,8,6,5,7,13,3,2,0,1,8,5,8,3,8,8,5,5,4,3,8,2,8,2,7,8,8,6,16,6,7,11,16,18,13,15,21,20,17,13,14,16,11,21,10,10,25,19,9,14,12,7,5,9,7,12,8,12,6,10,5,6,9,8,3,2,4,0,2,5
S01010687,Ross and Cromarty South West - 02,Highland,851,3,4,5,8,4,4,2,7,7,7,11,7,5,9,11,9,9,6,5,7,11,15,7,1,7,5,1,0,7,9,7,4,7,10,9,5,8,5,2,13,8,7,9,9,18,10,14,12,12,13,12,10,13,10,11,14,13,12,10,14,15,16,14,13,21,15,15,9,17,18,26,17,16,12,10,15,9,19,1,15,2,5,9,6,4,8,3,8,0,4,15
S01010688,Ross and Cromarty South West - 03,Highland,691,4,6,5,12,7,3,6,3,1,2,7,4,1,4,2,4,4,2,4,7,2,3,4,2,6,6,6,5,7,7,3,8,7,3,4,10,10,8,7,5,7,11,1,12,6,4,9,7,8,7,14,5,3,11,11,20,16,18,19,9,14,15,16,12,19,19,18,21,9,6,13,9,10,14,11,10,13,8,10,9,5,9,5,5,2,1,4,2,0,0,3
S01010689,Ross and Cromarty South West - 04,Highland,771,1,1,4,4,6,10,4,6,4,11,9,7,5,6,6,4,4,7,7,1,4,6,0,3,3,3,4,6,5,4,5,8,2,4,3,4,4,11,10,1,7,5,5,11,6,4,7,13,14,4,10,12,15,10,19,18,6,13,12,12,9,14,14,14,19,19,12,8,5,28,15,14,26,21,20,13,11,5,13,10,16,4,3,9,4,7,4,5,7,6,16
S01010690,Ross and Cromarty North West - 01,Highland,638,5,8,7,3,8,3,6,4,4,4,6,8,7,5,8,8,8,4,5,11,6,6,6,7,9,5,6,5,7,3,3,9,7,6,5,1,8,9,8,11,11,4,9,9,4,5,8,4,7,14,12,3,11,11,11,10,8,20,13,15,11,7,3,11,11,10,7,14,5,13,8,1,9,8,14,9,5,5,5,6,2,1,2,1,5,4,3,2,5,4,9
S01010691,Ross and Cromarty North West - 02,Highland,764,3,5,6,3,4,2,8,8,1,4,4,9,7,7,11,11,12,8,3,7,10,9,5,3,4,5,5,1,2,2,2,3,11,3,3,9,5,10,8,2,8,6,13,6,12,6,13,8,7,23,9,9,15,12,17,18,21,10,19,13,17,16,14,20,12,10,14,17,12,9,11,15,24,7,12,10,7,12,9,7,6,5,8,2,4,2,3,1,2,2,4
S01010692,Ross and Cromarty North West - 03,Highland,754,6,3,4,5,4,7,7,8,6,15,6,10,7,12,6,11,7,7,11,10,4,5,7,5,8,12,10,3,4,10,11,6,16,12,10,7,10,6,7,4,9,9,8,12,9,6,11,13,13,18,11,9,17,23,14,11,14,16,12,17,17,15,13,8,9,9,7,10,5,8,2,6,2,9,2,2,4,9,6,2,4,6,2,5,1,2,6,1,2,3,16
S01010693,Ross and Cromarty North West - 04,Highland,514,1,6,0,2,4,6,6,4,2,4,4,7,5,3,4,4,6,2,10,3,6,6,4,4,8,4,3,3,4,4,4,7,6,1,3,6,2,6,1,7,2,1,0,4,2,9,7,6,8,9,10,10,8,9,9,9,21,7,11,11,7,9,13,14,4,12,10,6,9,7,5,2,15,11,10,5,8,3,9,2,3,2,8,3,3,0,1,2,2,0,4
S01010694,Ross and Cromarty North West - 05,Highland,588,2,3,6,4,5,4,2,12,3,3,3,1,2,3,2,5,2,3,1,4,1,6,2,0,5,9,1,5,6,0,5,8,2,3,5,6,7,7,3,4,4,3,2,5,5,2,6,9,2,7,7,5,8,3,12,10,13,13,11,12,9,10,12,11,6,9,11,11,10,12,17,20,17,16,2,3,14,13,5,6,5,6,9,7,4,6,7,11,5,4,16
S01010695,Ross and Cromarty Central - 01,Highland,787,7,9,5,8,6,10,4,4,4,9,8,3,10,12,11,6,5,7,8,7,3,10,11,2,8,8,10,12,6,2,7,7,9,6,3,9,6,10,5,9,10,7,6,7,12,9,9,7,13,11,13,9,16,18,13,12,15,10,10,18,15,7,10,15,14,12,10,14,7,9,16,14,10,8,6,12,13,10,5,4,4,6,4,8,4,8,11,4,5,4,7
S01010696,Ross and Cromarty Central - 02,Highland,981,7,5,5,9,10,13,6,11,23,5,13,21,9,11,7,14,6,10,15,6,12,11,13,3,9,9,7,12,2,14,6,7,8,10,14,8,21,5,16,10,9,5,11,11,8,15,11,18,7,18,17,14,16,17,19,20,18,17,18,12,16,22,9,8,6,8,13,7,16,12,7,12,12,9,17,4,9,10,8,5,9,6,4,7,5,5,8,9,7,7,20
S01010697,Ross and Cromarty Central - 03,Highland,1174,8,6,7,7,10,10,10,9,13,4,12,16,25,15,8,23,10,11,18,7,8,10,24,10,5,7,13,16,8,9,9,17,4,9,9,13,5,21,4,15,11,7,9,12,10,17,9,21,14,28,16,29,21,23,27,28,29,15,12,26,26,15,20,22,14,18,12,11,13,8,12,11,22,15,12,16,20,15,11,8,10,7,4,7,8,2,6,5,7,0,8
S01010698,Ross and Cromarty Central - 04,Highland,814,4,5,4,7,8,9,10,10,10,10,7,12,8,9,12,6,10,13,15,10,12,9,10,6,11,5,3,8,1,5,5,3,7,3,6,8,2,9,5,12,11,8,8,4,5,11,9,16,14,19,7,13,19,9,13,21,17,17,11,13,16,14,16,21,14,10,13,9,5,12,14,5,6,12,13,12,12,10,5,5,6,6,3,5,3,2,3,2,2,1,3
S01010699,Ross and Cromarty East - 01,Highland,568,7,5,2,3,4,2,6,6,3,5,5,9,5,9,2,9,5,13,4,7,9,7,7,8,2,6,5,4,3,4,7,3,5,12,3,3,8,8,9,7,8,8,11,6,8,2,7,6,9,12,13,10,12,5,17,7,11,9,3,7,10,7,17,10,6,17,5,9,5,12,4,6,3,5,5,11,3,7,2,4,1,4,1,3,2,1,2,1,0,1,2
S01010700,Ross and Cromarty East - 02,Highland,613,6,6,4,4,5,9,6,9,7,7,8,7,7,6,4,6,4,2,7,3,9,5,7,5,6,4,6,11,3,8,0,5,6,4,9,8,4,10,1,4,6,2,4,7,13,15,8,8,13,5,5,15,3,14,9,13,5,10,9,12,7,3,12,11,10,7,11,9,7,12,15,8,11,15,13,6,5,4,7,4,7,6,2,2,2,4,4,0,1,0,0
S01010701,Ross and Cromarty East - 03,Highland,1056,11,12,9,12,11,9,10,12,11,14,10,11,18,17,13,10,10,18,18,12,11,13,19,9,7,12,10,3,9,12,5,16,10,7,21,7,12,13,18,12,13,9,9,9,19,5,10,10,10,13,18,12,12,23,29,21,8,19,12,17,20,9,17,23,12,14,5,19,11,19,16,10,8,10,14,8,13,7,9,4,10,10,6,1,6,2,5,5,2,0,9
S01010702,Ross and Cromarty East - 04,Highland,987,4,3,16,3,6,7,2,13,6,7,8,13,10,5,11,6,6,8,7,6,4,11,5,7,6,12,8,2,8,8,3,4,3,6,14,6,14,13,10,9,6,18,5,12,14,12,9,9,10,9,11,12,17,8,20,14,22,20,9,19,13,20,21,13,12,22,19,10,17,19,15,18,20,31,17,13,10,11,13,11,11,7,1,13,5,7,9,8,4,8,33
S01010703,Muir of Ord - 01,Highland,882,3,9,6,5,13,14,6,10,7,7,7,5,7,4,6,8,5,15,9,0,9,7,10,11,11,8,6,11,6,11,12,4,5,11,13,7,6,7,10,7,13,12,5,11,8,8,3,10,17,12,20,13,12,10,19,15,22,13,14,12,13,27,10,14,16,15,19,16,19,8,10,13,16,16,12,8,11,8,6,11,7,10,5,6,2,4,4,0,2,1,6
S01010704,Muir of Ord - 02,Highland,574,6,4,6,9,4,4,7,4,4,7,5,5,4,8,8,9,9,6,9,3,6,8,0,6,4,6,3,6,6,5,3,2,6,5,3,6,7,5,6,8,4,13,5,10,6,1,8,7,8,7,9,9,14,8,11,7,10,5,14,8,7,6,13,12,7,8,9,7,6,5,4,7,10,6,10,7,8,8,4,3,6,8,2,6,2,2,0,4,3,1,7
S01010705,Muir of Ord - 03,Highland,1285,16,19,15,16,15,20,13,12,18,13,17,12,14,12,13,8,11,17,15,17,13,18,19,8,13,18,13,21,12,23,19,15,17,25,22,22,17,17,20,20,11,22,7,11,12,21,18,15,18,20,23,25,20,17,27,13,24,17,18,15,13,10,11,17,8,11,17,18,13,19,12,7,9,11,11,8,14,11,9,6,6,11,4,5,5,2,0,4,2,2,10
S01010706,Muir of Ord - 04,Highland,831,12,12,13,7,14,14,11,6,16,9,11,8,14,15,9,13,6,9,3,4,7,12,8,5,12,15,11,6,12,12,16,5,9,11,12,10,12,14,8,19,14,10,5,4,9,10,9,8,7,10,10,12,10,13,9,10,12,10,9,2,9,8,10,4,10,3,13,10,14,4,13,13,7,8,5,4,8,4,6,6,5,4,6,3,5,5,5,2,2,3,27
S01010707,Conon - 01,Highland,1141,19,15,13,15,17,19,10,7,11,16,9,17,14,16,16,11,9,8,7,13,5,12,14,13,13,13,16,20,16,23,20,12,15,15,17,12,22,10,18,17,14,16,10,4,11,14,17,11,12,8,12,13,15,12,15,23,19,27,22,16,15,9,15,10,9,5,11,8,11,13,20,17,15,26,3,20,13,10,4,10,8,4,4,2,1,6,3,2,0,1,10
S01010708,Conon - 02,Highland,536,4,2,4,6,6,3,4,7,4,2,5,7,3,5,3,11,7,8,9,8,2,5,7,8,3,3,5,5,7,6,3,3,6,9,5,6,4,8,8,8,9,5,5,7,5,3,3,8,8,10,5,11,9,5,12,5,5,9,8,20,13,13,7,9,2,9,5,11,5,5,8,6,4,13,2,5,7,0,5,7,0,8,0,8,2,3,1,3,2,0,2
S01010709,Conon - 03,Highland,688,8,4,7,5,10,5,5,8,12,7,6,6,13,10,4,5,7,6,12,2,10,6,4,8,3,10,6,5,5,7,3,9,4,12,11,14,12,6,11,2,8,4,12,8,9,12,8,13,6,12,5,10,15,10,8,13,16,10,13,18,8,9,14,6,17,8,6,12,7,5,15,12,2,5,4,7,5,7,6,1,1,0,6,3,1,3,4,3,0,3,8
S01010710,Conon - 04,Highland,755,10,8,9,8,17,14,16,11,12,15,14,12,9,16,7,17,7,6,14,4,5,5,6,3,5,9,11,7,10,16,8,15,9,14,5,7,11,11,11,11,9,6,7,6,12,6,5,1,7,8,10,7,9,9,9,14,12,6,9,3,7,14,13,16,6,4,10,9,16,2,13,7,8,11,6,2,7,7,3,5,5,5,2,4,2,3,1,2,1,0,4
S01010711,Conon - 05,Highland,766,6,3,7,4,3,4,5,8,9,9,13,10,14,6,10,10,8,6,16,5,6,12,12,5,7,2,4,7,4,0,6,6,7,11,8,8,10,3,6,4,8,2,7,5,5,12,4,8,21,8,10,19,16,12,14,17,12,11,16,14,20,16,10,14,10,12,13,18,15,8,14,7,5,8,10,8,10,7,4,1,8,1,6,3,7,7,6,2,3,2,6
S01010712,Dingwall - 01,Highland,691,2,5,4,7,9,11,5,5,10,4,4,14,12,9,10,10,23,11,13,11,4,13,7,16,13,8,10,5,15,4,4,11,4,7,7,7,3,13,17,6,15,7,5,7,6,3,14,3,4,6,8,14,13,17,14,9,13,14,12,9,10,6,4,13,9,6,10,9,3,10,6,4,6,6,4,4,5,4,2,4,5,2,2,1,2,0,2,2,1,0,3
S01010713,Dingwall - 02,Highland,741,3,6,6,7,8,5,8,4,12,8,10,5,4,13,12,11,16,8,9,16,10,22,5,8,4,12,8,2,4,13,9,3,4,17,12,16,15,6,10,14,8,15,8,19,7,10,7,5,21,8,8,8,11,9,3,5,8,3,6,9,15,9,8,17,9,10,8,8,13,12,7,12,11,6,3,6,3,4,1,2,3,1,2,8,4,4,0,0,2,6,4
S01010714,Dingwall - 03,Highland,607,4,2,5,6,6,3,6,9,4,5,6,7,4,2,7,3,1,0,6,13,6,9,9,6,8,5,15,4,1,3,5,7,7,12,5,6,8,5,14,2,1,12,3,3,9,6,12,5,11,7,6,9,5,13,10,16,5,8,5,5,2,16,6,7,3,13,12,13,7,9,9,12,9,9,8,10,9,9,4,6,5,8,6,5,7,4,2,1,4,1,4
S01010715,Dingwall - 04,Highland,662,8,9,7,4,12,6,6,8,5,7,1,9,4,4,6,8,9,7,1,15,7,8,5,12,4,5,9,2,8,9,5,13,12,8,0,4,11,8,13,14,9,15,8,11,11,7,8,3,8,4,10,12,1,18,11,3,7,9,8,9,13,8,6,9,13,12,12,8,8,10,7,8,5,2,10,5,6,12,6,5,3,4,6,3,3,1,3,0,4,1,4
S01010716,Dingwall - 05,Highland,861,12,10,5,5,7,12,7,9,16,11,9,8,3,14,5,8,7,11,7,4,6,12,14,5,16,13,16,8,4,10,7,21,11,13,8,5,5,15,7,9,4,9,4,7,16,12,14,7,14,26,11,6,9,3,15,6,12,6,15,12,12,11,20,10,7,12,7,4,10,12,8,7,4,11,10,9,6,2,10,5,7,7,8,7,8,8,7,4,9,3,33
S01010717,Dingwall - 06,Highland,668,9,3,7,9,11,11,7,4,8,4,4,7,2,4,7,1,6,1,6,6,7,10,5,7,5,7,10,8,5,2,7,0,6,14,12,6,8,9,7,5,11,11,5,7,9,6,5,6,4,4,12,9,7,7,4,11,12,12,8,7,21,5,8,7,12,9,10,7,5,11,18,11,8,12,15,10,11,6,12,2,9,7,4,2,3,7,6,2,4,0,10
S01010718,Dingwall - 07,Highland,1026,14,6,8,6,13,11,17,16,17,18,19,21,10,24,8,19,10,16,6,16,13,5,10,8,6,9,16,10,6,9,12,12,10,13,13,14,15,7,13,12,11,15,6,17,10,15,6,13,23,17,8,16,14,13,11,19,8,20,11,20,23,10,15,16,15,13,12,17,14,16,10,12,11,11,8,6,4,7,5,2,3,6,5,4,6,2,1,3,2,0,6
S01010719,Black Isle South - 01,Highland,637,5,5,3,6,11,6,8,7,10,6,13,7,7,6,6,8,4,4,3,2,5,3,6,4,2,4,2,6,3,5,2,9,6,5,3,4,8,7,7,9,5,4,7,3,12,9,5,7,10,17,9,8,12,15,4,15,10,11,7,9,11,9,5,6,13,17,20,9,7,9,9,11,12,7,4,4,10,4,6,6,6,7,10,7,5,1,1,7,5,1,2
S01010720,Black Isle South - 02,Highland,1054,8,8,9,7,13,13,11,14,9,8,8,11,11,10,12,13,13,12,11,11,2,2,15,6,9,6,6,6,5,4,3,5,5,12,7,7,10,12,8,12,18,13,8,9,6,11,12,13,16,24,16,18,17,22,10,18,13,16,14,15,8,8,6,18,23,16,16,15,17,17,21,21,28,21,19,16,17,18,16,11,8,9,7,10,13,9,3,2,1,4,13
S01010721,Black Isle South - 03,Highland,622,2,5,4,2,5,6,5,4,9,7,10,3,3,3,2,4,9,5,4,4,5,7,3,5,7,8,0,4,7,6,4,4,4,5,4,10,11,2,9,5,9,2,3,3,8,8,6,12,9,8,15,9,9,7,19,15,4,7,11,9,11,6,9,10,6,6,15,12,10,11,11,15,14,10,8,7,15,6,9,6,5,6,4,4,3,5,5,5,5,3,1
S01010722,Black Isle South - 04,Highland,845,11,5,12,7,8,7,12,7,12,4,6,2,15,6,6,3,10,12,10,13,9,11,8,3,10,8,5,8,10,11,4,6,8,20,5,8,19,12,6,2,12,9,11,11,4,12,11,9,20,18,13,10,12,7,12,19,13,16,10,17,13,8,10,4,12,5,14,17,10,19,11,9,11,17,12,6,10,4,6,5,6,7,4,6,5,3,2,2,5,3,12
S01010723,Black Isle South - 05,Highland,891,6,2,1,6,9,10,7,13,8,14,5,7,4,14,14,14,17,14,9,11,7,5,7,16,9,5,15,8,7,7,13,4,6,8,5,4,5,6,10,10,8,8,2,11,10,6,6,14,8,16,9,28,21,17,19,20,28,17,6,23,20,27,17,13,13,14,13,7,15,13,6,19,13,10,16,2,14,6,5,5,3,4,1,3,4,5,2,1,1,0,0
S01010724,Black Isle South - 06,Highland,969,6,5,14,9,8,9,17,9,5,18,17,8,10,14,19,13,10,5,14,14,11,9,10,4,10,13,11,10,4,7,8,7,8,9,13,12,11,20,9,13,13,16,7,8,12,8,11,10,17,14,17,14,16,15,17,17,12,15,17,22,18,20,21,15,16,14,18,4,19,9,3,10,13,7,10,8,6,4,5,4,3,6,9,3,3,3,3,1,4,3,6
S01010725,Black Isle South - 07,Highland,1059,15,17,11,21,13,13,6,7,10,5,14,7,9,11,13,12,5,10,10,5,9,7,11,8,6,10,21,8,14,18,16,16,18,17,9,10,18,16,10,12,21,3,8,9,9,10,17,22,16,10,15,16,22,7,17,19,10,22,11,15,14,19,27,18,18,11,16,13,16,12,10,15,11,15,14,13,12,9,4,4,6,5,9,3,3,3,2,2,1,1,6
S01010726,Black Isle South - 08,Highland,881,6,6,7,4,9,9,11,7,14,6,12,5,7,6,4,9,12,11,7,7,2,6,3,8,6,7,10,7,6,6,8,8,4,3,9,9,9,6,5,11,12,6,14,9,8,9,13,9,12,9,13,13,7,11,17,10,8,14,15,21,14,19,19,15,11,14,11,19,24,18,10,19,14,18,7,12,15,17,11,14,7,7,16,6,5,3,2,4,2,3,3
S01010727,Black Isle North - 01,Highland,664,2,3,5,3,7,5,7,14,11,12,3,9,13,5,7,8,6,13,2,13,4,3,5,6,6,6,7,3,3,7,2,6,7,4,11,6,8,8,6,10,4,3,6,4,6,6,10,10,14,14,9,13,14,10,19,4,15,4,8,12,12,12,7,6,3,17,13,8,6,10,10,5,6,11,9,7,6,15,11,8,4,8,2,2,4,3,0,3,2,2,1
S01010728,Black Isle North - 02,Highland,556,6,8,3,5,11,5,5,4,5,8,6,8,3,9,9,5,4,16,10,5,5,5,5,7,7,5,4,4,3,6,7,6,7,4,3,2,6,5,4,6,5,4,5,3,2,6,4,14,9,11,4,9,13,2,10,16,12,11,14,15,1,4,12,5,12,8,10,2,1,5,3,3,3,11,8,5,6,10,4,6,4,5,4,3,4,3,0,5,1,1,2
S01010729,Black Isle North - 03,Highland,707,4,7,2,2,7,1,5,2,6,6,4,6,7,6,7,10,10,9,7,8,5,6,5,4,11,6,5,8,4,8,2,1,4,8,9,7,2,0,4,11,7,8,8,7,5,6,12,18,15,7,14,13,9,12,12,14,20,16,10,13,11,11,11,11,15,13,11,23,9,13,7,8,13,7,11,8,18,10,5,5,2,7,7,1,3,2,3,5,1,1,3
S01010730,Black Isle North - 04,Highland,830,6,6,8,3,4,9,5,7,8,11,2,14,8,8,8,9,13,5,10,9,12,2,14,4,6,8,6,8,6,3,5,2,3,3,12,4,7,6,4,4,10,7,15,8,8,13,3,10,10,16,14,10,10,16,16,10,22,12,14,15,9,12,20,23,15,15,15,13,24,12,23,9,15,16,8,6,12,6,11,3,9,6,5,3,1,2,5,6,3,3,9
S01010731,Black Isle North - 05,Highland,820,2,6,4,4,3,5,2,7,7,12,6,13,10,13,13,6,8,16,5,6,7,11,6,5,4,7,7,2,1,2,2,5,6,6,4,1,1,6,4,7,5,6,11,7,10,9,5,13,16,14,16,11,15,14,22,25,13,17,20,12,22,14,12,15,14,20,17,13,21,11,16,17,13,16,10,8,4,13,5,7,8,6,6,4,6,3,0,5,4,2,5
S01010732,Alness - 01,Highland,736,3,7,13,9,15,7,9,10,11,8,11,9,20,3,6,4,15,11,9,7,12,9,3,10,12,6,12,6,5,12,3,2,6,11,13,7,3,11,0,10,5,8,10,5,6,8,12,8,15,8,10,13,8,14,1,9,9,7,10,5,6,13,13,12,14,12,13,24,11,7,12,10,10,12,0,2,10,7,3,5,6,5,5,1,3,2,2,2,0,1,2
S01010733,Alness - 02,Highland,531,12,8,7,11,5,5,9,10,6,9,14,17,5,5,14,9,6,7,5,9,6,5,5,8,0,10,5,6,4,1,8,4,4,5,5,14,5,4,9,7,5,5,5,5,5,9,9,6,4,9,3,8,8,4,7,8,6,8,7,6,11,10,8,7,2,8,5,4,5,5,9,4,4,5,1,3,2,6,3,1,1,1,4,2,0,0,0,1,1,1,2
S01010734,Alness - 03,Highland,916,7,12,11,16,20,12,20,14,15,14,17,16,15,14,8,14,10,12,23,13,7,15,18,4,9,13,15,7,12,14,11,15,10,5,17,15,10,13,16,6,10,8,6,21,7,5,14,13,16,12,8,8,7,19,19,8,12,17,9,6,9,7,3,5,12,7,7,3,9,9,1,3,6,9,2,6,1,3,7,2,3,4,6,5,7,3,4,1,5,4,23
S01010735,Alness - 04,Highland,613,7,12,16,6,12,18,17,12,9,8,19,15,14,8,2,9,6,5,14,9,3,10,16,13,3,2,4,9,8,13,14,5,6,10,14,11,10,6,8,3,5,14,6,7,11,5,12,2,3,5,6,11,8,6,9,4,11,3,7,11,4,6,10,5,2,5,3,3,8,0,5,4,2,3,5,0,3,3,2,1,0,0,1,1,0,1,1,0,2,0,1
S01010736,Alness - 05,Highland,533,13,6,3,9,5,11,8,5,5,4,3,10,5,2,4,5,3,4,6,4,3,4,4,6,3,7,5,2,4,11,7,5,6,9,9,10,3,8,13,5,9,7,9,4,6,4,5,8,8,4,7,5,3,6,7,5,3,3,8,5,6,5,9,6,5,9,8,10,9,9,8,10,10,12,8,4,12,9,2,5,1,5,5,2,1,2,2,0,0,0,4
S01010737,Alness - 06,Highland,1212,11,11,12,14,15,16,9,18,18,10,9,16,14,9,18,12,5,8,7,8,10,12,16,10,11,5,12,26,15,6,11,11,17,24,12,7,7,9,7,5,21,17,13,9,17,12,9,25,24,12,13,21,20,27,8,11,18,19,30,15,22,20,10,9,17,10,15,16,19,15,26,20,17,15,7,15,18,16,12,13,17,18,10,13,6,0,7,0,0,5,10
S01010738,Alness - 07,Highland,574,3,6,5,8,4,6,5,10,4,5,6,8,8,8,6,3,4,6,4,3,2,8,7,5,7,9,7,3,6,2,9,12,7,6,7,11,12,5,5,5,7,7,3,7,9,5,3,7,10,10,9,10,7,6,8,8,9,5,6,8,11,11,7,6,5,8,4,9,10,10,6,8,6,13,5,9,9,2,5,8,3,4,3,2,3,2,4,2,2,2,4
S01010739,Alness - 08,Highland,807,8,9,8,6,9,6,5,7,13,6,12,4,6,11,8,8,9,10,11,6,12,9,4,17,6,8,14,5,6,6,13,14,5,13,6,21,9,15,15,12,17,10,8,14,8,7,18,16,12,10,8,9,13,7,9,13,9,10,6,10,3,13,14,5,12,10,8,9,5,13,12,9,8,13,11,6,9,7,5,5,8,5,4,3,1,2,8,0,3,0,10
S01010740,Invergordon - 01,Highland,482,7,8,9,4,4,6,4,6,5,13,6,14,4,3,3,5,1,6,4,6,9,4,5,12,13,11,8,8,3,4,8,6,9,7,5,8,5,5,3,10,2,4,1,5,7,6,2,1,5,3,7,6,9,6,6,6,5,4,7,10,9,7,9,11,12,4,1,5,6,6,2,5,1,7,2,4,3,1,5,1,2,2,5,1,0,2,3,0,0,1,2
S01010741,Invergordon - 02,Highland,882,9,13,15,8,6,14,7,10,10,16,11,10,15,13,12,9,6,7,10,14,7,8,2,8,9,10,10,8,6,6,11,7,12,16,6,14,11,15,14,14,22,16,11,12,9,5,12,6,8,2,15,9,12,10,14,10,11,9,11,8,11,11,7,14,13,13,10,13,7,10,13,5,12,8,8,11,6,14,12,5,9,6,5,1,6,4,2,3,4,4,14
S01010742,Invergordon - 03,Highland,727,7,13,6,10,4,6,9,6,9,10,19,13,8,4,8,5,9,8,8,11,12,8,6,8,5,13,10,6,13,9,13,6,7,5,6,14,20,8,8,11,3,11,9,14,11,8,10,17,11,9,10,9,4,13,9,17,11,16,5,15,7,5,2,9,8,4,4,1,8,9,7,5,10,10,4,3,4,8,7,7,5,5,4,3,3,3,3,1,1,0,4
S01010743,Invergordon - 04,Highland,690,11,9,8,13,9,12,10,11,8,10,13,18,12,14,7,10,12,8,10,15,7,14,16,12,9,11,11,10,13,14,8,8,2,8,9,6,10,8,8,15,2,7,7,0,11,8,14,4,8,6,4,6,6,10,6,9,9,13,15,3,9,7,4,10,5,0,7,9,4,5,5,3,10,2,6,2,5,1,1,5,3,4,3,0,1,6,2,2,0,0,2
S01010744,Invergordon - 05,Highland,1020,8,9,11,10,5,7,11,9,7,13,10,6,16,18,12,12,10,6,6,13,6,11,13,2,16,23,9,9,9,9,6,3,10,2,7,13,8,12,16,9,10,1,10,12,13,12,17,12,17,12,17,13,19,16,13,18,16,16,22,18,13,10,13,24,10,15,15,18,9,15,20,13,18,11,10,8,9,14,8,5,9,10,11,6,6,8,7,4,2,2,21
S01010745,Invergordon - 06,Highland,572,5,1,3,3,5,2,3,3,10,2,5,4,3,6,5,7,7,5,10,0,8,3,10,8,2,2,8,9,3,15,11,6,6,4,5,6,2,11,2,10,7,13,8,2,7,5,3,8,8,6,9,8,8,13,8,13,14,7,7,11,3,9,8,7,8,9,4,7,10,10,7,3,8,7,4,7,5,8,6,3,11,5,3,10,5,4,8,2,4,2,0
S01010746,Seaboard - 01,Highland,975,13,5,13,10,5,10,8,8,11,7,20,1,7,9,9,8,18,15,8,7,5,8,8,11,5,8,13,4,7,8,12,10,5,14,13,5,12,12,17,12,9,15,13,12,9,26,18,14,11,12,10,20,18,21,12,19,20,14,14,15,11,16,17,15,17,14,16,8,11,13,16,14,13,15,9,5,8,13,7,8,7,2,6,6,4,5,5,4,4,2,1
S01010747,Seaboard - 02,Highland,820,7,12,10,16,7,6,10,14,11,2,10,9,11,10,14,4,12,5,11,11,9,13,4,10,13,1,7,16,3,3,11,16,11,7,11,6,6,5,7,11,10,10,11,8,1,19,4,9,4,14,17,13,14,13,13,13,12,9,7,8,13,14,11,9,9,13,8,16,11,10,12,18,15,9,7,14,7,7,6,5,7,5,1,2,5,0,2,0,3,1,9
S01010748,Seaboard - 03,Highland,653,6,7,7,1,3,10,1,5,5,7,5,13,8,12,5,3,4,3,6,2,3,9,3,7,5,9,5,3,8,4,0,3,0,9,1,8,11,6,4,4,12,5,7,7,6,5,8,10,8,9,8,7,14,2,7,8,10,13,18,22,13,13,15,10,14,13,16,11,8,11,19,10,10,12,3,11,8,8,3,4,4,9,4,9,4,1,3,2,1,0,3
S01010749,Seaboard - 04,Highland,639,2,1,5,5,8,4,7,4,4,6,9,8,9,7,14,6,11,9,6,6,1,2,7,3,11,8,4,5,5,2,2,6,3,1,3,1,7,5,9,13,9,9,7,10,8,6,6,3,11,15,6,11,13,14,7,10,9,10,7,14,8,8,7,12,8,11,11,14,15,6,15,11,10,9,9,7,9,6,7,1,5,3,8,3,6,2,3,1,2,3,5
S01010750,Seaboard - 05,Highland,587,3,4,2,5,3,4,7,5,7,5,6,7,2,5,6,3,3,1,3,2,6,3,3,2,1,2,2,6,6,3,1,0,2,6,6,6,8,1,2,9,5,6,6,5,4,2,5,7,6,5,9,13,12,9,3,8,13,7,14,16,9,5,12,13,15,11,14,15,11,11,9,13,15,16,7,15,10,13,5,10,9,4,6,5,4,3,4,5,0,1,4
S01010751,Seaboard - 06,Highland,690,8,11,6,8,9,8,6,9,19,10,18,8,9,5,9,6,14,15,6,2,6,7,6,7,5,1,11,7,21,7,6,6,5,5,4,9,3,9,8,2,6,7,11,7,8,3,5,12,7,13,11,17,7,8,8,9,12,5,5,11,12,8,10,10,11,13,11,6,9,11,14,5,6,10,8,10,4,7,4,9,1,4,3,3,0,1,2,0,2,1,2
S01010752,Tain - 01,Highland,775,11,11,7,9,11,9,12,11,15,12,14,15,21,12,10,20,6,10,8,10,6,5,13,16,11,8,7,7,8,4,4,13,16,10,12,6,6,18,4,10,17,8,6,14,6,11,8,8,14,16,12,12,12,7,4,5,2,6,6,7,12,7,9,11,9,1,12,10,10,11,7,13,5,12,2,4,3,5,8,6,3,0,0,3,2,2,2,0,3,1,3
S01010753,Tain - 02,Highland,1079,11,12,13,13,16,13,17,21,22,19,12,11,19,20,19,14,13,8,11,15,8,5,13,12,4,19,14,7,16,9,17,15,9,17,6,15,7,11,13,14,11,16,15,7,12,10,9,11,5,10,16,15,16,10,16,20,17,16,11,12,14,15,14,8,10,9,17,18,10,13,9,18,10,17,9,3,7,6,9,2,7,2,6,7,9,4,5,2,6,5,23
S01010754,Tain - 03,Highland,625,5,7,1,6,4,4,10,8,7,6,10,4,12,4,7,5,5,8,7,5,8,10,7,7,2,5,4,3,6,3,10,5,6,14,6,5,5,4,8,15,4,6,5,3,8,7,7,4,7,7,16,6,5,10,2,7,13,10,8,5,12,16,4,14,6,14,12,9,10,8,10,7,9,10,2,9,9,4,1,1,2,5,3,4,4,3,5,6,3,6,19
S01010755,Tain - 04,Highland,598,7,4,8,5,7,5,9,4,2,7,5,5,14,7,6,4,4,7,7,6,9,9,3,6,7,4,13,3,7,2,7,9,12,8,5,9,9,6,3,6,8,8,6,5,5,5,6,8,8,8,11,8,9,8,19,7,6,3,6,5,6,8,11,4,7,4,7,9,11,10,12,6,7,9,3,8,10,3,4,12,5,6,6,2,1,5,7,3,0,3,0
S01010756,Tain - 05,Highland,622,3,7,4,2,5,5,8,4,9,6,11,4,5,6,5,5,6,6,10,3,5,4,0,5,5,4,5,9,7,6,4,8,7,9,8,8,6,7,5,1,4,4,12,5,3,8,8,13,2,6,8,10,5,12,16,14,9,14,4,14,10,9,7,10,11,10,11,7,11,7,5,9,18,15,7,4,11,8,6,6,13,0,4,2,2,4,2,2,4,0,9
S01010757,Sutherland South - 01,Highland,707,2,4,6,0,4,0,5,4,3,5,3,3,1,6,1,4,7,5,3,7,1,8,4,1,4,4,6,3,4,5,3,2,5,0,3,3,1,4,4,10,7,7,7,5,7,6,7,7,8,1,6,7,11,17,14,19,18,11,19,15,22,9,15,14,18,30,12,11,19,15,12,10,12,15,21,12,17,11,5,11,11,7,8,9,8,3,2,10,6,1,4
S01010758,Sutherland South - 02,Highland,793,7,0,3,4,7,1,5,7,8,9,4,15,3,5,7,5,11,13,10,9,11,7,6,5,7,4,5,12,4,5,6,3,8,2,10,7,7,9,7,10,7,10,3,10,8,7,8,6,18,4,6,10,12,14,8,17,21,16,13,9,12,18,13,13,12,9,8,14,11,15,12,15,19,13,13,9,12,5,7,9,9,13,10,8,2,2,4,5,6,4,16
S01010759,Sutherland South - 03,Highland,551,3,2,1,6,4,7,5,4,5,11,3,8,3,8,8,5,7,3,2,10,6,16,6,7,9,4,3,11,6,2,7,6,4,3,5,5,6,6,4,10,2,6,10,10,7,8,5,4,4,10,5,10,8,5,8,7,4,6,5,11,9,9,11,10,7,7,7,5,2,8,4,13,4,2,5,8,7,8,4,5,4,1,11,3,6,5,5,4,3,1,7
S01010760,Sutherland South - 04,Highland,731,5,4,3,3,11,6,5,5,5,6,11,6,2,3,5,7,1,6,7,7,6,2,2,4,7,6,4,4,4,3,7,3,5,15,9,1,12,5,7,6,6,11,3,4,7,9,6,4,4,6,8,2,6,14,6,9,2,8,12,12,10,10,11,15,11,12,18,12,11,13,12,13,17,11,17,9,18,12,11,11,11,9,11,7,10,12,13,4,8,0,33
S01010761,Sutherland South - 05,Highland,540,3,2,2,5,2,1,4,3,4,4,3,6,7,6,9,3,6,5,5,4,3,6,4,12,4,8,2,0,8,3,5,7,7,6,6,5,7,12,2,0,2,7,8,2,4,11,2,11,9,11,7,11,7,13,9,7,7,11,9,5,8,11,10,19,15,7,3,2,9,7,7,5,13,6,10,7,8,6,3,4,2,5,4,5,1,1,2,1,4,1,10
S01010762,Sutherland South - 06,Highland,622,2,1,5,5,2,4,2,4,3,3,4,6,3,8,7,11,4,6,6,3,3,11,9,5,3,8,4,3,3,2,4,3,5,2,5,6,3,4,6,6,5,7,7,9,15,7,8,7,5,13,4,4,9,8,13,17,18,25,13,9,10,13,13,9,13,6,9,9,5,9,15,14,10,17,10,4,7,7,9,5,5,7,1,6,3,2,3,3,2,1,8
S01010763,Sutherland South - 07,Highland,673,0,5,5,4,6,4,5,3,8,3,6,5,7,6,6,10,8,5,19,4,7,7,9,7,2,6,9,11,7,8,5,6,2,2,4,6,4,7,6,9,2,10,9,6,8,5,7,6,13,9,12,10,13,9,14,13,12,8,7,20,25,5,8,14,14,9,10,8,17,14,9,8,11,7,7,9,6,8,9,5,5,4,3,6,3,1,4,2,1,0,5
S01010764,Sutherland South - 08,Highland,612,1,8,4,3,3,5,2,5,3,3,7,2,5,6,4,7,5,6,4,5,2,10,4,4,2,5,1,4,9,2,6,4,2,7,2,9,2,6,8,7,6,4,3,1,4,6,6,5,7,9,6,6,13,6,16,4,12,20,16,22,11,13,15,13,14,3,6,14,6,12,6,10,15,11,12,8,12,9,8,11,6,7,9,5,2,5,0,2,1,4,6
S01010765,Sutherland South - 09,Highland,955,4,3,3,4,5,10,8,13,6,9,11,10,7,10,5,15,5,9,7,2,5,14,11,18,8,7,9,2,6,7,5,6,11,0,14,13,2,5,6,4,4,10,3,11,7,5,11,17,13,19,10,9,11,8,19,19,9,14,16,15,20,21,26,25,19,22,16,18,18,10,11,18,25,25,17,17,22,10,10,9,6,8,9,4,4,10,6,6,6,2,6
S01010766,Sutherland East - 01,Highland,761,10,5,7,11,9,10,8,12,7,13,7,8,8,7,3,8,2,10,9,4,7,6,6,7,13,7,13,7,5,8,8,7,10,7,0,11,3,7,4,8,10,3,3,6,2,6,11,10,14,7,9,16,12,17,13,15,16,6,9,11,18,16,10,16,9,8,13,8,15,11,14,12,16,4,6,8,4,4,7,10,4,4,15,4,1,3,5,2,2,6,8
S01010767,Sutherland East - 02,Highland,655,2,9,7,3,6,6,4,8,6,5,4,2,9,12,12,8,10,5,11,5,4,7,6,4,5,7,8,3,13,3,3,11,7,7,6,1,2,2,4,8,8,5,9,3,5,7,4,6,9,8,7,10,11,15,13,14,11,14,12,14,11,9,12,13,3,6,6,14,12,9,6,9,18,16,3,13,10,8,3,13,8,5,3,2,3,2,3,2,1,1,1
S01010768,Sutherland East - 03,Highland,551,1,4,4,3,5,5,3,3,9,9,11,15,4,5,9,5,3,3,5,7,4,1,4,3,3,7,2,3,0,4,12,5,8,7,1,2,6,4,6,4,0,5,5,5,1,8,3,7,4,11,4,15,3,7,13,6,8,8,8,9,3,6,9,11,7,10,8,11,3,8,6,11,10,12,10,5,8,13,10,8,8,10,8,3,2,3,2,4,2,2,9
S01010769,Sutherland East - 04,Highland,496,1,0,1,5,2,3,2,2,3,0,1,7,4,5,4,6,4,6,3,3,4,5,2,9,3,3,2,11,1,1,3,6,6,5,5,5,5,3,9,4,4,3,2,4,2,1,3,4,3,3,7,9,6,11,8,6,7,2,9,15,15,13,9,12,11,10,10,15,10,16,6,11,7,15,8,7,11,11,11,1,0,3,1,4,3,2,0,4,3,0,4
S01010770,Sutherland East - 05,Highland,753,5,6,13,4,2,6,10,2,11,1,5,13,10,11,4,7,8,4,7,6,6,2,12,4,11,11,5,3,6,7,8,6,6,17,8,5,3,9,5,6,9,10,7,13,3,9,8,9,7,9,8,9,13,10,11,20,10,11,17,13,14,16,7,21,14,3,17,9,10,18,9,14,13,10,14,10,10,8,2,5,10,3,3,5,1,6,3,2,3,3,9
S01010771,Sutherland East - 06,Highland,868,6,1,3,9,8,10,5,8,6,10,8,2,8,6,7,11,4,5,14,7,10,7,3,7,11,4,9,10,3,6,3,8,11,12,6,3,6,10,8,10,6,4,4,7,5,9,8,6,6,10,12,8,17,16,11,21,23,17,21,17,16,20,21,10,13,14,12,17,23,11,9,16,15,19,14,10,11,10,10,12,12,8,2,11,4,5,10,6,4,2,8
S01010772,Caithness South - 01,Highland,773,2,5,4,5,8,3,8,6,4,5,7,9,5,4,3,7,8,6,5,4,2,3,0,6,8,5,7,2,4,2,12,5,6,8,6,7,5,3,4,4,10,5,3,3,7,10,12,12,9,13,12,17,16,20,10,9,18,20,6,23,14,16,19,14,11,17,9,17,17,10,16,22,9,21,12,11,11,17,10,7,9,11,5,4,4,0,1,4,3,0,10
S01010773,Caithness South - 02,Highland,765,7,2,5,8,2,8,9,2,10,7,6,10,6,10,8,7,11,5,8,1,3,0,0,10,6,1,2,1,5,1,4,2,1,6,9,6,9,8,4,10,7,6,3,9,6,11,13,8,12,8,12,13,14,15,11,21,21,19,15,17,6,22,12,14,9,19,12,13,15,21,14,18,4,19,13,14,14,7,12,10,5,4,2,6,5,2,3,2,5,2,0
S01010774,Caithness South - 03,Highland,648,6,3,2,9,4,6,4,5,14,8,11,7,6,9,4,7,3,8,11,3,7,6,4,3,7,6,10,4,1,2,4,2,1,5,4,9,4,4,10,10,6,7,3,2,8,3,12,12,6,7,6,16,6,6,11,8,14,13,16,4,16,20,15,7,6,11,11,13,12,13,9,12,13,14,6,12,8,5,1,4,6,4,9,2,7,2,3,1,1,0,6
S01010775,Caithness South - 04,Highland,767,6,10,12,6,5,15,10,10,6,12,6,9,10,6,5,6,6,11,8,4,9,7,12,7,13,6,4,10,3,13,18,6,8,5,4,7,15,11,13,18,14,5,6,9,4,14,15,11,14,10,9,10,13,15,21,7,10,13,14,2,11,7,12,14,7,17,9,7,4,11,9,8,9,8,7,10,6,2,3,6,3,1,7,2,4,3,2,1,1,5,3
S01010776,Wick South - 01,Highland,488,2,4,4,5,6,8,4,6,8,1,5,5,3,4,3,7,5,4,7,4,7,5,3,9,5,5,4,11,8,5,11,5,9,3,8,9,5,7,1,8,7,6,8,7,5,3,11,3,6,4,11,3,1,6,3,7,9,9,5,11,8,6,5,8,1,9,7,5,7,6,6,11,11,4,6,0,2,4,3,3,4,1,3,5,7,3,0,2,0,1,2
S01010777,Wick South - 02,Highland,505,9,4,4,4,4,9,5,3,3,6,6,9,8,4,6,9,4,4,5,6,7,2,3,5,7,5,6,6,11,3,5,5,3,8,13,7,5,5,6,4,4,6,0,3,2,4,8,5,8,6,7,2,6,4,7,7,8,2,5,5,8,9,9,7,9,4,10,7,7,3,12,6,6,11,3,5,4,1,4,4,3,7,0,4,0,6,4,4,1,2,18
S01010778,Wick South - 03,Highland,480,5,10,6,6,3,8,6,3,10,7,6,4,4,3,10,0,9,7,3,9,8,7,0,12,8,2,11,7,8,7,2,8,14,18,6,8,5,7,7,6,6,0,7,4,9,1,4,2,10,6,4,10,10,7,8,3,10,7,9,10,5,8,6,2,4,7,3,3,6,4,7,6,3,2,3,2,0,0,2,1,1,0,0,2,2,0,2,0,0,0,2
S01010779,Wick South - 04,Highland,689,1,8,8,7,9,10,8,12,6,10,8,9,8,12,9,8,10,12,5,15,9,4,4,4,12,1,3,13,7,6,7,7,12,8,5,7,18,4,8,5,6,14,10,4,7,2,6,12,13,12,9,14,9,9,12,15,12,9,14,6,11,6,13,6,13,2,4,10,5,2,7,8,7,12,5,5,5,8,7,7,4,3,5,5,3,3,5,2,0,1,1
S01010780,Wick South - 05,Highland,591,6,3,6,5,5,6,2,4,9,15,4,10,7,13,7,13,8,8,4,2,5,2,5,6,8,9,6,8,3,9,5,5,6,7,1,4,10,7,8,11,6,4,13,6,7,6,6,6,7,7,11,3,12,14,7,11,7,15,11,10,7,7,10,10,8,13,8,3,2,6,4,9,4,10,6,2,4,7,4,4,1,5,6,4,3,5,2,2,0,2,2
S01010781,Wick South - 06,Highland,667,11,6,3,5,10,6,5,5,11,8,9,6,11,7,12,10,9,5,5,6,3,7,10,4,7,9,3,9,7,6,9,10,4,9,6,12,7,5,11,11,3,12,5,6,9,9,6,6,9,5,8,10,9,10,14,17,9,15,10,16,10,6,12,12,11,10,4,7,3,5,8,10,12,8,3,4,7,7,5,6,6,5,3,2,2,3,4,3,1,1,0
S01010782,Wick North - 01,Highland,603,5,4,5,1,7,6,4,4,9,5,1,6,8,2,13,5,2,8,6,8,4,6,2,2,10,4,13,10,12,11,6,8,1,4,8,3,7,11,8,9,3,8,3,4,4,5,0,1,11,9,3,9,3,7,12,12,8,3,12,9,11,9,8,11,9,1,7,8,6,8,10,15,13,9,0,3,8,10,10,8,3,5,3,3,4,8,4,11,5,4,15
S01010783,Wick North - 02,Highland,527,5,3,4,5,5,10,4,7,8,8,4,4,6,5,5,5,4,7,6,2,4,6,8,6,7,6,9,6,5,9,13,9,17,6,7,4,7,2,5,7,6,3,5,7,5,2,6,6,2,7,10,7,11,5,6,13,10,10,6,5,4,7,13,7,8,9,9,6,5,4,4,2,1,7,6,4,4,6,5,7,3,4,3,1,2,1,3,1,5,1,3
S01010784,Wick North - 03,Highland,687,10,7,13,6,8,16,12,11,8,8,9,14,14,8,6,7,12,10,9,7,8,7,2,4,9,11,11,8,7,4,9,16,5,14,9,10,7,17,10,4,8,8,3,6,2,5,7,8,7,10,10,7,12,14,16,17,8,3,7,9,4,13,10,9,10,9,5,4,6,10,5,7,6,5,9,4,2,3,3,6,2,3,2,2,1,7,0,0,2,1,3
S01010785,Wick North - 04,Highland,648,5,4,3,6,7,7,11,5,4,8,4,3,13,7,6,8,2,6,7,8,8,5,5,5,4,9,9,6,7,1,4,14,8,7,2,7,5,6,10,7,7,5,4,7,4,7,6,7,6,8,5,6,10,10,18,4,16,6,10,21,9,12,5,16,12,9,12,7,11,6,15,11,12,15,7,5,7,2,10,6,6,10,1,7,5,5,2,0,1,2,0
S01010786,Wick North - 05,Highland,704,4,8,5,8,3,9,4,3,11,13,8,6,4,9,4,9,6,13,7,7,2,11,6,13,10,12,16,12,3,4,4,7,7,6,7,6,5,5,10,6,8,5,10,1,4,10,3,4,13,11,16,9,7,15,12,11,9,9,10,8,9,11,10,7,7,14,9,10,11,10,8,10,8,7,8,3,7,3,4,7,10,3,6,4,6,8,2,5,4,5,20
S01010787,Caithness North East - 01,Highland,844,6,6,5,5,4,3,2,8,8,11,9,10,13,15,14,13,12,12,11,9,9,11,3,3,5,9,10,4,5,10,7,3,12,3,5,8,7,5,3,9,8,6,9,12,10,10,11,14,6,14,13,11,10,17,19,22,24,14,19,16,8,9,9,10,15,10,13,7,12,10,12,15,14,14,16,6,11,14,7,3,8,8,4,8,7,9,1,5,6,1,0
S01010788,Caithness North East - 02,Highland,592,6,5,2,2,7,2,9,3,4,6,5,2,8,8,2,7,7,5,4,9,7,6,2,6,9,7,4,12,5,6,10,4,4,5,16,4,10,6,9,9,5,5,7,5,4,2,6,6,6,7,10,7,10,15,13,4,5,17,15,11,14,16,8,12,11,10,10,8,7,5,5,8,8,9,3,4,4,6,11,4,2,4,1,4,3,1,1,0,1,1,7
S01010789,Caithness North East - 03,Highland,658,5,4,4,5,7,8,3,9,10,8,8,11,4,11,9,6,7,5,8,9,3,6,11,7,4,9,10,10,5,3,5,3,12,8,9,10,9,4,1,10,9,9,9,10,12,6,8,7,6,15,8,10,14,4,9,10,11,5,6,12,10,5,9,9,10,5,8,3,6,18,18,8,12,9,8,7,8,2,8,6,10,5,2,2,2,2,2,0,3,0,1
S01010790,Caithness North East - 04,Highland,620,5,2,5,3,5,8,5,8,7,6,8,7,6,6,7,2,8,7,7,7,10,3,3,3,5,4,4,3,5,7,1,1,6,7,7,8,5,11,8,7,9,3,3,4,5,5,5,7,3,10,8,9,22,9,10,12,10,11,13,8,10,7,18,7,11,5,10,10,13,5,7,21,13,12,12,15,10,10,6,1,3,1,1,3,1,2,1,2,4,0,6
S01010791,Caithness North East - 05,Highland,795,4,2,3,5,6,5,6,7,11,7,9,10,13,11,3,9,11,7,8,8,2,5,6,4,4,2,10,4,4,6,5,7,4,1,3,2,9,8,12,10,9,6,10,11,9,15,16,8,8,11,10,6,12,10,16,16,10,8,8,23,12,11,15,7,12,18,17,15,18,11,17,18,10,19,9,11,9,15,10,9,18,4,6,2,3,5,6,3,6,0,4
S01010792,Caithness North West - 01,Highland,574,6,5,7,8,3,7,6,5,7,4,4,7,7,8,2,5,11,8,8,7,5,9,10,4,6,4,6,3,6,10,2,4,10,6,7,3,8,8,7,11,10,10,6,4,10,4,3,4,5,6,5,3,7,3,10,17,9,4,7,5,8,10,12,13,10,6,9,10,4,6,7,7,9,13,11,3,9,7,5,2,6,2,4,4,0,5,3,2,0,1,0
S01010793,Caithness North West - 02,Highland,627,2,5,5,0,1,10,5,10,2,9,8,5,9,5,14,3,10,6,8,9,11,5,4,6,4,6,5,3,6,2,1,6,3,3,1,7,6,2,3,8,4,7,6,2,8,10,7,7,19,18,13,13,12,10,4,16,9,15,20,9,7,12,4,5,9,9,6,11,8,7,9,19,7,7,6,7,12,8,6,7,4,3,6,2,1,2,2,1,2,2,9
S01010794,Caithness North West - 03,Highland,607,9,6,6,13,4,7,5,9,6,10,4,2,12,3,7,3,0,10,5,3,6,12,6,7,7,5,11,6,5,2,8,9,4,9,13,7,10,8,6,6,13,3,6,11,9,5,8,10,6,7,7,16,22,12,8,9,14,18,10,16,4,6,5,7,11,4,6,3,3,1,8,5,7,4,9,8,5,2,3,8,2,1,4,4,0,1,2,3,0,0,0
S01010795,Caithness North West - 04,Highland,940,10,7,4,8,12,6,6,10,6,5,7,9,11,10,10,17,11,2,2,5,3,8,12,5,9,1,17,10,12,4,10,13,3,4,9,14,5,12,9,8,10,19,7,21,8,10,14,10,15,11,8,13,25,15,14,18,19,20,15,16,12,12,12,11,12,23,16,7,8,10,17,10,20,20,13,9,10,17,8,8,10,9,9,3,11,4,8,4,3,2,8
S01010796,Caithness North West - 05,Highland,880,8,5,15,6,11,10,10,7,13,6,9,21,14,9,18,12,10,10,2,7,3,6,7,8,6,5,13,12,5,6,5,5,18,7,8,7,8,7,16,10,10,13,6,8,14,19,15,16,14,7,8,14,12,16,17,23,12,11,17,14,20,16,13,13,15,6,8,15,15,9,13,9,7,8,7,8,4,9,5,6,6,6,3,6,3,2,4,5,3,2,3
S01010797,Caithness North West - 06,Highland,800,5,3,9,6,6,8,10,12,9,8,13,17,9,16,7,13,10,2,9,7,7,6,5,1,7,4,11,3,3,2,10,4,12,4,13,8,16,10,12,13,11,11,11,13,16,6,10,17,8,15,9,9,12,14,14,15,13,18,12,11,7,17,13,10,8,10,13,8,7,14,6,12,14,7,10,7,4,6,4,5,7,8,4,2,4,6,5,2,1,1,3
S01010798,Caithness North West - 07,Highland,576,3,5,3,3,5,2,1,5,8,9,6,5,6,5,10,8,5,0,14,2,4,3,5,3,4,4,8,4,7,1,7,2,2,2,9,4,3,11,4,7,3,12,7,5,4,3,4,3,9,11,6,3,10,15,11,8,12,9,15,19,16,11,8,6,11,11,5,11,6,8,8,8,5,7,8,5,10,5,4,6,7,7,6,4,3,4,0,7,1,2,8
S01010799,Thurso East - 01,Highland,807,0,6,3,7,0,5,6,5,4,5,1,2,6,9,2,9,6,0,7,4,5,13,5,5,8,13,6,8,14,10,9,6,10,4,1,11,14,16,10,10,7,5,3,4,5,6,5,12,15,21,10,12,8,12,19,18,17,18,14,18,15,7,10,15,9,21,9,13,14,14,16,15,13,11,8,9,13,14,14,6,1,12,6,4,4,7,1,8,5,3,16
S01010800,Thurso East - 02,Highland,631,7,7,4,4,7,3,7,6,4,6,7,11,7,10,2,3,10,5,1,2,2,2,8,6,3,11,17,4,8,12,10,6,16,6,10,13,10,22,5,5,10,1,4,5,7,6,10,11,5,7,12,7,6,13,11,5,9,6,12,13,11,11,8,7,8,2,5,13,8,6,7,3,9,8,8,7,10,5,2,1,4,7,5,2,1,6,4,0,3,2,9
S01010801,Thurso East - 03,Highland,636,6,5,4,6,6,6,6,7,7,2,5,8,2,3,6,4,10,6,5,7,6,9,4,5,11,5,10,4,5,11,4,13,8,12,7,7,12,5,11,13,4,3,5,4,5,4,8,7,2,12,4,10,10,6,10,9,9,3,14,10,7,13,9,10,11,6,14,5,5,14,10,8,7,6,6,9,6,8,12,6,7,7,11,2,5,0,8,2,2,2,6
S01010802,Thurso East - 04,Highland,487,4,8,3,5,3,8,4,2,3,5,5,2,6,3,3,4,4,9,5,2,1,4,8,9,4,3,1,12,4,4,8,7,7,16,0,6,16,7,1,8,4,4,4,1,10,7,4,3,2,10,6,9,7,12,9,6,5,11,6,9,8,15,11,5,9,10,2,3,4,6,1,2,0,4,10,2,2,6,4,0,4,3,5,5,3,4,6,1,0,2,7
S01010803,Thurso West - 01,Highland,568,4,10,6,11,5,8,10,9,4,5,2,8,13,7,7,7,4,5,2,6,3,10,8,8,10,7,9,10,6,10,6,9,2,7,9,14,4,8,11,10,1,1,7,2,11,2,4,4,4,4,10,10,5,10,4,4,8,7,2,9,7,3,8,8,4,1,8,3,5,8,6,5,6,7,9,3,2,6,7,4,4,6,4,6,5,9,3,2,2,3,11
S01010804,Thurso West - 02,Highland,529,0,4,4,6,8,4,3,4,5,1,7,6,4,11,5,3,4,4,8,3,4,4,3,4,6,9,7,3,8,2,5,9,5,7,2,6,10,4,7,8,4,11,2,6,2,7,6,3,4,5,10,8,13,3,13,5,7,5,12,6,12,19,10,8,5,7,8,11,6,7,8,3,6,2,9,3,9,3,4,5,8,4,9,4,6,1,4,0,4,0,5
S01010805,Thurso West - 03,Highland,830,6,6,6,4,11,6,10,15,8,13,6,6,7,11,8,12,13,12,14,5,12,2,11,12,6,16,9,14,11,11,12,8,19,13,5,10,12,8,11,12,9,9,10,5,7,1,15,12,0,10,6,9,13,15,10,6,9,20,13,14,9,13,16,15,10,12,6,11,12,11,9,2,6,10,3,11,8,12,9,11,2,6,7,7,7,6,3,3,4,0,3
S01010806,Thurso West - 04,Highland,817,5,9,13,6,9,9,8,12,4,8,6,10,7,2,11,14,9,9,14,10,10,9,14,16,12,6,16,22,17,12,6,15,7,6,19,5,4,7,4,9,6,7,5,7,18,11,12,10,11,11,10,15,15,14,11,15,6,10,11,12,8,9,6,12,10,9,13,8,16,5,10,10,6,8,4,5,5,3,8,7,4,4,7,4,5,3,5,4,1,0,10
S01010807,Thurso West - 05,Highland,578,5,6,4,3,9,11,8,10,18,11,16,7,5,9,9,8,9,7,3,8,6,5,4,8,10,5,7,6,5,5,12,3,7,5,8,12,13,14,6,11,7,3,8,9,4,9,4,5,3,8,3,8,8,5,4,13,8,10,6,7,3,4,8,4,3,6,3,3,6,3,5,7,8,6,4,3,8,3,7,3,4,5,5,1,3,3,1,1,2,1,5
S01010808,Thurso West - 06,Highland,511,6,7,5,4,6,8,5,6,6,6,8,7,4,4,6,9,7,16,14,2,10,5,7,3,5,4,3,11,3,4,2,5,8,4,3,14,9,13,6,3,3,4,5,5,1,5,7,6,5,5,7,6,7,6,1,8,5,8,17,10,8,8,8,6,14,3,4,7,5,4,4,4,5,9,5,5,3,3,7,0,1,3,3,2,2,2,2,2,2,1,0
S01010809,Thurso West - 07,Highland,742,8,7,9,15,9,6,8,4,5,5,3,11,1,4,5,6,10,3,4,3,5,8,3,4,3,15,10,6,7,6,4,2,5,8,7,8,11,15,17,9,2,7,6,3,10,6,8,10,10,4,9,10,7,12,15,21,16,9,11,10,14,16,18,19,9,6,11,2,5,8,11,14,15,7,12,12,11,3,7,6,10,9,2,7,7,5,4,8,14,3,2
S01010810,Sutherland North and West - 01,Highland,504,2,3,3,3,5,6,5,6,4,3,2,4,3,5,5,4,11,5,3,2,2,8,2,2,7,2,3,4,6,4,6,4,6,2,4,2,5,3,4,3,1,4,6,4,7,7,7,3,11,8,5,14,11,4,14,8,5,11,10,12,8,6,8,9,9,2,5,7,11,10,4,10,3,10,6,9,9,4,4,5,7,4,8,4,2,2,5,3,3,2,10
S01010811,Sutherland North and West - 02,Highland,797,5,6,4,7,8,5,13,8,5,8,3,10,5,3,12,4,9,5,8,8,7,2,2,7,6,5,3,3,3,15,6,6,5,6,11,10,11,5,9,8,3,5,8,10,7,13,9,13,8,16,12,12,20,16,17,6,13,23,12,15,18,19,9,14,15,23,15,15,18,14,16,11,6,6,11,11,7,4,8,8,5,4,5,5,8,1,5,4,2,1,5
S01010812,Sutherland North and West - 03,Highland,423,3,3,3,1,1,1,2,0,2,2,1,3,3,11,9,4,5,5,3,3,1,3,4,2,7,1,4,2,7,5,2,5,1,8,0,2,9,3,5,3,3,8,3,2,4,5,4,3,4,8,10,4,7,7,11,9,10,8,6,12,3,9,6,12,5,8,7,6,9,9,3,8,8,6,11,3,2,4,1,5,3,4,2,1,4,2,3,3,3,1,5
S01010813,Sutherland North and West - 04,Highland,470,1,2,0,2,4,2,4,1,3,6,3,4,1,5,5,11,4,5,3,1,4,2,5,3,4,3,6,4,4,3,2,5,7,2,8,3,3,2,7,10,3,2,5,3,3,9,7,9,1,3,12,9,14,2,12,6,11,7,11,13,10,8,6,10,8,2,6,6,8,12,8,15,8,12,10,5,2,8,8,2,3,4,0,3,1,1,0,2,1,1,4
S01010814,Sutherland North and West - 05,Highland,581,3,6,4,1,5,5,3,6,0,1,2,3,5,6,3,2,9,4,7,2,9,11,4,1,4,7,7,8,5,3,5,5,8,5,4,5,5,4,7,5,3,8,10,3,5,9,8,4,11,4,12,6,10,17,14,10,9,12,13,23,10,5,13,15,8,10,8,13,5,13,15,8,15,4,10,3,5,9,2,6,3,7,2,1,5,1,0,2,0,0,3
S01010815,Sutherland North and West - 06,Highland,425,1,2,0,2,4,2,2,3,6,3,4,3,7,3,0,5,5,6,0,3,2,9,4,3,1,3,4,5,3,6,1,5,8,4,5,4,6,2,2,1,9,5,5,4,4,4,8,4,3,7,6,5,6,11,5,8,8,7,10,9,13,12,3,12,2,5,2,5,10,6,7,8,6,5,2,6,6,3,4,6,4,5,2,6,2,2,4,0,3,3,4
